LW_ID,RSU_ID,LW_DATE,LW_FRONT,LW_BACK,DOOR_ZONE_FRONT,DOOR_ZONE_BACK,UPDATED_TIME,TRANSACTION_ID,SOURCE_CAR_NBR,POI_CODE,POI_NUM,MIN_BASELINE,MIN_BASELINE_UPDATED_TIME,THREE_HR_LW_MIN,PASSENGER_LEVEL,NUM_OF_PASSENGERS,DOOR_STATUS
434,7427,07/15/2020 02:29:44,69,61,0,0,07/15/2020 02:29:46,26032975,7427,HYD,95,65,07/15/2020 01:38:21,65,1,3,CLOSED
435,7428,07/15/2020 02:29:44,68,60,0,1,07/15/2020 02:29:46,26032975,7427,HYD,95,63,07/15/2020 01:38:21,63,1,6,CLOSED
88,7182,07/15/2020 09:50:36,65,58,1,1,07/15/2020 09:50:39,26257927,7181,HYD,95,62,07/15/2020 09:50:39,68,0,0,OPEN
170,7429,07/15/2020 09:52:59,67,62,1,0,07/15/2020 09:53:08,26259233,7429,0,0,65,07/15/2020 08:53:07,65,0,0,OPEN
171,7430,07/15/2020 09:52:59,67,59,1,1,07/15/2020 09:53:08,26259233,7429,0,0,63,07/15/2020 08:53:07,63,0,0,OPEN
298,7180,07/15/2020 09:57:08,67,61,1,1,07/15/2020 09:57:12,26261394,7179,HYD,95,64,07/15/2020 09:57:12,68,0,0,OPEN
297,7179,07/15/2020 09:57:08,69,62,1,0,07/15/2020 09:57:12,26261394,7179,HYD,95,66,07/15/2020 09:28:28,66,0,0,OPEN
212,7764,07/15/2020 09:57:44,65,59,1,1,07/15/2020 09:57:49,26261733,7763,0,0,62,07/15/2020 07:57:47,62,0,0,OPEN
213,7763,07/15/2020 09:57:44,68,62,1,0,07/15/2020 09:57:49,26261733,7763,0,0,65,07/15/2020 09:57:49,68,1,3,OPEN
557953,7126,07/15/2020 09:58:04,67,60,1,1,07/15/2020 09:58:08,26261909,7125,HYD,95,63,07/15/2020 09:06:43,64,1,3,OPEN
557952,7125,07/15/2020 09:58:04,68,61,1,0,07/15/2020 09:58:08,26261909,7125,HYD,95,64,07/15/2020 07:06:42,64,1,3,OPEN
829,7754,07/15/2020 09:58:06,66,58,1,1,07/15/2020 09:58:09,26261921,7109,0,0,62,07/15/2020 09:58:09,68,0,0,OPEN
993,7650,07/15/2020 09:58:06,67,58,1,1,07/15/2020 09:58:09,26261921,7109,0,0,62,07/15/2020 09:58:09,68,1,3,OPEN
994,7649,07/15/2020 09:58:06,67,59,1,0,07/15/2020 09:58:09,26261921,7109,0,0,62,07/15/2020 07:55:01,63,1,6,OPEN
995,7320,07/15/2020 09:58:06,65,59,1,1,07/15/2020 09:58:09,26261921,7109,0,0,62,07/15/2020 07:15:01,62,1,3,OPEN
996,7319,07/15/2020 09:58:06,68,61,1,0,07/15/2020 09:58:09,26261921,7109,0,0,64,07/15/2020 07:02:01,64,1,6,OPEN
828,7753,07/15/2020 09:58:06,69,61,1,0,07/15/2020 09:58:09,26261921,7109,0,0,65,07/15/2020 07:29:01,65,1,3,OPEN
446,7109,07/15/2020 09:58:06,68,61,1,0,07/15/2020 09:58:09,26261921,7109,0,0,63,07/15/2020 09:58:09,68,1,9,OPEN
445,7110,07/15/2020 09:58:06,67,59,1,1,07/15/2020 09:58:09,26261921,7109,0,0,63,07/15/2020 09:58:09,68,1,3,OPEN
267,7327,07/15/2020 09:58:06,67,61,1,0,07/15/2020 09:58:09,26261921,7109,0,0,64,07/15/2020 09:58:09,68,1,3,OPEN
266,7328,07/15/2020 09:58:06,67,60,1,1,07/15/2020 09:58:09,26261921,7109,0,0,62,07/15/2020 08:55:49,63,1,9,OPEN
56,7191,07/15/2020 09:58:06,67,61,1,0,07/15/2020 09:58:09,26261921,7109,0,0,63,07/15/2020 07:28:41,64,1,6,OPEN
57,7192,07/15/2020 09:58:06,65,59,1,1,07/15/2020 09:58:09,26261921,7109,0,0,62,07/15/2020 09:58:09,68,1,3,OPEN
676,7321,07/15/2020 10:16:21,67,59,1,0,07/15/2020 10:16:32,26271805,7321,0,0,63,07/15/2020 08:00:31,63,0,0,OPEN
677,7322,07/15/2020 10:16:21,67,59,1,1,07/15/2020 10:16:32,26271805,7321,0,0,63,07/15/2020 08:00:31,63,0,0,OPEN
4177,7037,07/15/2020 10:22:52,65,62,1,0,07/15/2020 10:23:17,26275415,7037,0,0,64,07/15/2020 10:23:17,68,0,0,OPEN
4178,7038,07/15/2020 10:22:52,67,59,1,1,07/15/2020 10:23:17,26275415,7037,0,0,63,07/15/2020 10:23:17,68,0,0,OPEN
743,7540,07/15/2020 10:24:12,67,61,1,1,07/15/2020 10:24:16,26275945,7539,0,0,63,07/15/2020 08:25:02,63,1,9,OPEN
742,7539,07/15/2020 10:24:12,68,62,1,0,07/15/2020 10:24:16,26275945,7539,0,0,64,07/15/2020 07:25:01,65,1,6,OPEN
1027,7472,07/15/2020 10:26:28,67,59,0,1,07/15/2020 10:26:32,26277161,7471,HYD,95,63,07/15/2020 08:32:32,63,0,0,CLOSED
1026,7471,07/15/2020 10:26:28,69,62,0,0,07/15/2020 10:26:32,26277161,7471,HYD,95,65,07/15/2020 08:32:32,65,1,6,CLOSED
740,7591,07/15/2020 10:29:47,69,63,1,0,07/15/2020 10:29:51,26278940,7591,0,0,65,07/15/2020 08:40:55,65,1,6,OPEN
741,7592,07/15/2020 10:29:47,67,58,1,1,07/15/2020 10:29:51,26278940,7591,0,0,62,07/15/2020 09:50:11,63,1,6,OPEN
10008,7354,07/15/2020 10:33:15,67,60,1,1,07/15/2020 10:33:19,26280788,7353,0,0,63,07/15/2020 08:26:49,63,1,6,OPEN
10010,7353,07/15/2020 10:33:15,68,60,1,0,07/15/2020 10:33:19,26280788,7353,0,0,64,07/15/2020 10:26:50,64,0,0,OPEN
10014,7727,07/15/2020 10:33:15,67,60,1,0,07/15/2020 10:33:19,26280788,7353,0,0,63,07/15/2020 10:26:50,63,1,3,OPEN
10012,7757,07/15/2020 10:33:15,67,61,1,0,07/15/2020 10:33:19,26280788,7353,0,0,64,07/15/2020 09:26:49,64,1,3,OPEN
10013,7728,07/15/2020 10:33:15,64,57,1,1,07/15/2020 10:33:19,26280788,7353,0,0,61,07/15/2020 09:26:49,61,0,0,OPEN
10011,7758,07/15/2020 10:33:15,68,59,1,1,07/15/2020 10:33:19,26280788,7353,0,0,63,07/15/2020 09:26:49,63,1,3,OPEN
447,7800,07/15/2020 10:35:44,67,58,1,1,07/15/2020 10:35:46,26282129,7164,HIL,86,62,07/15/2020 09:16:25,62,1,6,OPEN
103,7468,07/15/2020 10:35:44,65,59,1,1,07/15/2020 10:35:46,26282129,7164,HIL,86,62,07/15/2020 10:22:19,62,1,3,OPEN
102,7467,07/15/2020 10:35:44,67,61,0,0,07/15/2020 10:35:46,26282129,7164,HIL,86,64,07/15/2020 08:38:54,64,1,3,CLOSED
448,7799,07/15/2020 10:35:44,67,61,1,0,07/15/2020 10:35:46,26282129,7164,HIL,86,63,07/15/2020 10:15:34,63,1,6,OPEN
1323,7062,07/15/2020 10:37:46,66,59,1,1,07/15/2020 10:37:50,26283280,7061,LBH,113,62,07/15/2020 10:37:50,68,1,6,OPEN
1324,7061,07/15/2020 10:37:46,67,62,1,0,07/15/2020 10:37:50,26283280,7061,LBH,113,64,07/15/2020 08:10:11,64,1,6,OPEN
1299,7087,07/15/2020 10:37:46,68,63,1,0,07/15/2020 10:37:50,26283280,7061,LBH,113,65,07/15/2020 09:39:31,66,1,3,OPEN
1300,7280,07/15/2020 10:37:46,68,59,1,1,07/15/2020 10:37:50,26283280,7061,LBH,113,63,07/15/2020 10:37:50,68,1,3,OPEN
252,7739,07/15/2020 10:37:46,69,62,1,0,07/15/2020 10:37:50,26283280,7061,LBH,113,65,07/15/2020 10:37:50,68,1,3,OPEN
1302,7830,07/15/2020 10:37:46,67,59,1,1,07/15/2020 10:37:50,26283280,7061,LBH,113,63,07/15/2020 08:02:10,63,0,0,OPEN
3271,7372,07/15/2020 10:37:46,67,59,1,1,07/15/2020 10:37:50,26283280,7061,LBH,113,63,07/15/2020 08:10:11,63,1,3,OPEN
3274,7371,07/15/2020 10:37:46,68,63,1,0,07/15/2020 10:37:50,26283280,7061,LBH,113,65,07/15/2020 09:18:52,66,1,3,OPEN
251,7740,07/15/2020 10:37:46,68,60,1,1,07/15/2020 10:37:50,26283280,7061,LBH,113,63,07/15/2020 10:37:50,68,1,6,OPEN
1301,7829,07/15/2020 10:37:46,68,62,1,0,07/15/2020 10:37:50,26283280,7061,LBH,113,64,07/15/2020 10:37:50,68,1,6,OPEN
437,7586,07/15/2020 10:40:11,67,58,1,1,07/15/2020 10:40:14,26284564,7585,0,0,62,07/15/2020 09:40:14,63,1,3,OPEN
436,7585,07/15/2020 10:40:11,68,60,1,0,07/15/2020 10:40:14,26284564,7585,0,0,64,07/15/2020 10:40:14,68,1,3,OPEN
473,7361,07/15/2020 10:41:12,69,61,1,0,07/15/2020 10:41:16,26285121,7361,0,0,65,07/15/2020 09:14:39,65,1,3,OPEN
474,7362,07/15/2020 10:41:12,66,60,1,1,07/15/2020 10:41:16,26285121,7361,0,0,63,07/15/2020 09:14:39,63,1,3,OPEN
482,7678,07/15/2020 10:41:41,65,60,1,1,07/15/2020 10:41:45,26285372,7677,0,0,62,07/15/2020 10:41:45,68,1,3,OPEN
481,7677,07/15/2020 10:41:41,69,62,1,0,07/15/2020 10:41:45,26285372,7677,0,0,65,07/15/2020 10:41:45,68,1,3,OPEN
403,7675,07/15/2020 10:42:44,69,61,1,0,07/15/2020 10:42:47,26285935,7675,HIL,86,64,07/15/2020 10:07:42,65,1,6,OPEN
402,7676,07/15/2020 10:42:44,66,59,1,1,07/15/2020 10:42:47,26285935,7675,HIL,86,62,07/15/2020 09:04:10,63,1,6,OPEN
999,7796,07/15/2020 10:42:53,67,60,1,1,07/15/2020 10:42:57,26286019,7611,0,0,63,07/15/2020 10:40:47,64,1,3,OPEN
63,7612,07/15/2020 10:42:53,64,59,1,1,07/15/2020 10:42:57,26286019,7611,0,0,61,07/15/2020 08:30:07,62,1,3,OPEN
62,7611,07/15/2020 10:42:53,68,62,1,0,07/15/2020 10:42:57,26286019,7611,0,0,64,07/15/2020 10:41:47,65,1,6,OPEN
1000,7795,07/15/2020 10:42:53,70,63,1,0,07/15/2020 10:42:57,26286019,7611,0,0,66,07/15/2020 09:27:45,66,1,6,OPEN
745,7750,07/15/2020 10:43:10,67,60,1,1,07/15/2020 10:43:13,26286175,7750,0,0,63,07/15/2020 09:17:33,63,1,6,OPEN
744,7749,07/15/2020 10:43:10,68,62,1,0,07/15/2020 10:43:13,26286175,7750,0,0,65,07/15/2020 08:00:52,65,1,3,OPEN
4179,7477,07/15/2020 10:43:11,69,63,1,0,07/15/2020 10:43:14,26286178,7178,0,0,65,07/15/2020 09:45:31,65,1,9,OPEN
4185,7298,07/15/2020 10:43:11,65,62,1,1,07/15/2020 10:43:14,26286178,7178,0,0,63,07/15/2020 09:21:44,63,1,6,OPEN
1032,7495,07/15/2020 10:43:11,68,59,1,0,07/15/2020 10:43:14,26286178,7178,0,0,63,07/15/2020 09:44:17,63,1,6,OPEN
497,7177,07/15/2020 10:43:11,69,62,1,0,07/15/2020 10:43:14,26286178,7178,0,0,65,07/15/2020 08:11:40,65,1,6,OPEN
487,7248,07/15/2020 10:43:11,68,61,1,1,07/15/2020 10:43:14,26286178,7178,0,0,63,07/15/2020 10:39:14,65,1,12,OPEN
498,7178,07/15/2020 10:43:11,67,60,1,1,07/15/2020 10:43:14,26286178,7178,0,0,63,07/15/2020 08:23:12,63,1,6,OPEN
488,7247,07/15/2020 10:43:11,68,62,1,0,07/15/2020 10:43:14,26286178,7178,0,0,64,07/15/2020 08:23:12,64,1,9,OPEN
4184,7297,07/15/2020 10:43:11,68,62,1,0,07/15/2020 10:43:14,26286178,7178,0,0,64,07/15/2020 09:55:13,64,1,9,OPEN
4180,7478,07/15/2020 10:43:11,67,62,1,1,07/15/2020 10:43:14,26286178,7178,0,0,63,07/15/2020 10:20:14,63,1,12,OPEN
1033,7496,07/15/2020 10:43:11,68,59,1,1,07/15/2020 10:43:14,26286178,7178,0,0,62,07/15/2020 09:31:33,62,1,9,OPEN
31,7782,07/15/2020 10:43:11,67,60,1,1,07/15/2020 10:43:14,26286179,7782,0,0,63,07/15/2020 10:07:43,63,1,6,OPEN
3617,7832,07/15/2020 10:43:11,67,61,1,1,07/15/2020 10:43:14,26286179,7782,0,0,63,07/15/2020 09:38:33,64,1,6,OPEN
3616,7831,07/15/2020 10:43:11,69,64,1,0,07/15/2020 10:43:14,26286179,7782,0,0,65,07/15/2020 09:17:20,65,1,9,OPEN
30,7781,07/15/2020 10:43:11,68,61,1,0,07/15/2020 10:43:14,26286179,7782,0,0,64,07/15/2020 08:33:58,64,1,6,OPEN
58,7231,07/15/2020 10:43:11,67,61,1,0,07/15/2020 10:43:14,26286179,7782,0,0,63,07/15/2020 08:30:49,63,1,6,OPEN
2002,7457,07/15/2020 10:43:11,68,61,1,0,07/15/2020 10:43:14,26286179,7782,0,0,64,07/15/2020 10:40:14,65,1,3,OPEN
2003,7458,07/15/2020 10:43:11,69,61,1,1,07/15/2020 10:43:14,26286179,7782,0,0,64,07/15/2020 09:19:03,64,1,9,OPEN
59,7232,07/15/2020 10:43:11,67,60,1,1,07/15/2020 10:43:14,26286179,7782,0,0,63,07/15/2020 10:40:14,63,1,3,OPEN
275,7161,07/15/2020 10:43:11,69,63,1,0,07/15/2020 10:43:14,26286182,7162,0,0,66,07/15/2020 10:15:39,66,1,3,OPEN
100,7127,07/15/2020 10:43:11,68,62,0,0,07/15/2020 10:43:14,26286182,7162,0,0,64,07/15/2020 08:04:46,65,1,6,CLOSED
101,7128,07/15/2020 10:43:11,64,60,1,1,07/15/2020 10:43:14,26286182,7162,0,0,62,07/15/2020 07:52:34,62,1,3,OPEN
117,7036,07/15/2020 10:43:11,67,59,1,1,07/15/2020 10:43:14,26286182,7162,0,0,62,07/15/2020 09:48:36,63,1,6,OPEN
118,7035,07/15/2020 10:43:11,68,63,1,0,07/15/2020 10:43:14,26286182,7162,0,0,65,07/15/2020 10:12:15,65,1,3,OPEN
548,7046,07/15/2020 10:43:11,67,59,1,1,07/15/2020 10:43:14,26286182,7162,0,0,63,07/15/2020 08:52:28,63,0,0,OPEN
549,7045,07/15/2020 10:43:11,68,63,1,0,07/15/2020 10:43:14,26286182,7162,0,0,65,07/15/2020 10:12:15,65,1,6,OPEN
331,7577,07/15/2020 10:43:11,68,61,1,0,07/15/2020 10:43:14,26286182,7162,0,0,64,07/15/2020 10:43:04,65,1,3,OPEN
330,7578,07/15/2020 10:43:11,68,59,1,1,07/15/2020 10:43:14,26286182,7162,0,0,63,07/15/2020 10:25:32,63,1,6,OPEN
273,7281,07/15/2020 10:43:11,67,62,1,0,07/15/2020 10:43:14,26286182,7162,0,0,64,07/15/2020 09:45:31,65,1,3,OPEN
276,7162,07/15/2020 10:43:11,67,60,1,1,07/15/2020 10:43:14,26286182,7162,0,0,63,07/15/2020 09:48:36,64,1,3,OPEN
274,7282,07/15/2020 10:43:11,67,59,1,1,07/15/2020 10:43:14,26286182,7162,0,0,63,07/15/2020 09:48:36,63,1,3,OPEN
405,7451,07/15/2020 10:43:12,69,62,1,0,07/15/2020 10:43:14,26286186,7452,0,0,65,07/15/2020 10:10:54,65,1,6,OPEN
404,7452,07/15/2020 10:43:12,67,61,1,1,07/15/2020 10:43:14,26286186,7452,0,0,63,07/15/2020 10:16:54,64,1,9,OPEN
444,7311,07/15/2020 10:43:11,69,61,1,0,07/15/2020 10:43:15,26286192,7802,0,0,65,07/15/2020 07:48:50,65,1,3,OPEN
443,7312,07/15/2020 10:43:11,65,59,1,1,07/15/2020 10:43:15,26286192,7802,0,0,62,07/15/2020 09:49:15,62,1,3,OPEN
422,7084,07/15/2020 10:43:11,67,59,1,1,07/15/2020 10:43:15,26286192,7802,0,0,63,07/15/2020 09:24:55,63,1,3,OPEN
421,7083,07/15/2020 10:43:11,67,62,1,0,07/15/2020 10:43:15,26286192,7802,0,0,64,07/15/2020 09:49:15,64,1,3,OPEN
581,7210,07/15/2020 10:43:11,67,58,1,1,07/15/2020 10:43:15,26286192,7802,0,0,62,07/15/2020 07:48:50,63,1,3,OPEN
580,7209,07/15/2020 10:43:11,65,60,1,0,07/15/2020 10:43:15,26286192,7802,0,0,62,07/15/2020 09:24:55,62,1,3,OPEN
3363,7801,07/15/2020 10:43:11,69,61,1,0,07/15/2020 10:43:15,26286192,7802,0,0,65,07/15/2020 09:49:15,65,1,3,OPEN
3361,7802,07/15/2020 10:43:11,65,59,1,1,07/15/2020 10:43:15,26286192,7802,0,0,62,07/15/2020 07:51:54,62,1,3,OPEN
233,7696,07/15/2020 10:43:12,66,59,1,1,07/15/2020 10:43:15,26286194,7332,0,0,62,07/15/2020 08:32:35,62,1,6,OPEN
234,7695,07/15/2020 10:43:12,67,61,1,0,07/15/2020 10:43:15,26286194,7332,0,0,63,07/15/2020 08:34:55,64,1,6,OPEN
718,7047,07/15/2020 10:43:12,67,61,1,0,07/15/2020 10:43:15,26286194,7332,0,0,64,07/15/2020 08:52:35,64,1,3,OPEN
293,7687,07/15/2020 10:43:12,67,60,1,0,07/15/2020 10:43:15,26286194,7332,0,0,63,07/15/2020 08:37:15,64,1,3,OPEN
719,7048,07/15/2020 10:43:12,67,59,1,1,07/15/2020 10:43:15,26286194,7332,0,0,63,07/15/2020 10:00:15,63,1,3,OPEN
292,7688,07/15/2020 10:43:12,66,59,1,1,07/15/2020 10:43:15,26286194,7332,0,0,62,07/15/2020 08:33:15,62,1,6,OPEN
291,7331,07/15/2020 10:43:12,68,61,1,0,07/15/2020 10:43:15,26286194,7332,0,0,64,07/15/2020 08:31:55,65,1,3,OPEN
290,7332,07/15/2020 10:43:12,67,60,1,1,07/15/2020 10:43:15,26286194,7332,0,0,63,07/15/2020 08:08:15,63,1,6,OPEN
2422,7300,07/15/2020 10:43:12,65,58,1,1,07/15/2020 10:43:15,26286195,7206,PWS,171,61,07/15/2020 08:14:55,61,1,3,OPEN
2423,7299,07/15/2020 10:43:12,65,60,1,0,07/15/2020 10:43:15,26286195,7206,PWS,171,62,07/15/2020 07:56:54,62,1,3,OPEN
3715,7388,07/15/2020 10:43:12,65,59,1,1,07/15/2020 10:43:15,26286195,7206,PWS,171,62,07/15/2020 08:07:15,62,1,3,OPEN
5126,7063,07/15/2020 10:43:12,65,60,1,0,07/15/2020 10:43:15,26286195,7206,PWS,171,63,07/15/2020 08:46:35,63,0,0,OPEN
218,7206,07/15/2020 10:43:12,65,60,1,1,07/15/2020 10:43:15,26286195,7206,PWS,171,63,07/15/2020 10:21:35,63,0,0,OPEN
3714,7387,07/15/2020 10:43:12,67,63,1,0,07/15/2020 10:43:15,26286195,7206,PWS,171,64,07/15/2020 07:58:14,64,1,9,OPEN
505,7797,07/15/2020 10:43:12,68,61,1,0,07/15/2020 10:43:15,26286195,7206,PWS,171,64,07/15/2020 08:02:15,65,1,6,OPEN
506,7798,07/15/2020 10:43:12,65,60,1,1,07/15/2020 10:43:15,26286195,7206,PWS,171,62,07/15/2020 09:43:49,63,1,6,OPEN
217,7205,07/15/2020 10:43:12,65,60,1,0,07/15/2020 10:43:15,26286195,7206,PWS,171,62,07/15/2020 10:18:15,63,1,3,OPEN
5127,7064,07/15/2020 10:43:12,65,59,1,1,07/15/2020 10:43:15,26286195,7206,PWS,171,62,07/15/2020 10:25:35,62,1,3,OPEN
39,7759,07/15/2020 10:43:12,67,61,1,0,07/15/2020 10:43:15,26286199,7156,LVW,124,63,07/15/2020 08:17:18,64,1,6,OPEN
4408,7460,07/15/2020 10:43:12,68,59,1,1,07/15/2020 10:43:15,26286199,7156,LVW,124,63,07/15/2020 08:04:41,63,1,6,OPEN
4409,7459,07/15/2020 10:43:12,68,60,1,0,07/15/2020 10:43:15,26286199,7156,LVW,124,64,07/15/2020 09:14:24,64,1,3,OPEN
544,7156,07/15/2020 10:43:12,65,58,1,1,07/15/2020 10:43:15,26286199,7156,LVW,124,62,07/15/2020 09:14:24,62,0,0,OPEN
40,7760,07/15/2020 10:43:12,68,60,1,1,07/15/2020 10:43:15,26286199,7156,LVW,124,64,07/15/2020 09:10:03,64,1,3,OPEN
543,7155,07/15/2020 10:43:12,67,62,1,0,07/15/2020 10:43:15,26286199,7156,LVW,124,64,07/15/2020 10:34:35,64,1,3,OPEN
406,7736,07/15/2020 10:43:13,68,60,1,1,07/15/2020 10:43:16,26286204,7736,HYD,95,63,07/15/2020 08:30:30,63,1,6,OPEN
407,7735,07/15/2020 10:43:13,68,62,1,0,07/15/2020 10:43:16,26286204,7736,HYD,95,64,07/15/2020 09:25:18,65,1,6,OPEN
193,7304,07/15/2020 10:43:13,65,61,1,1,07/15/2020 10:43:16,26286205,7590,HVL-W,"20,092",62,07/15/2020 07:59:36,62,1,9,OPEN
192,7303,07/15/2020 10:43:13,67,62,1,0,07/15/2020 10:43:16,26286205,7590,HVL-W,"20,092",64,07/15/2020 09:58:21,64,1,3,OPEN
159,7344,07/15/2020 10:43:13,67,61,1,1,07/15/2020 10:43:16,26286205,7590,HVL-W,"20,092",63,07/15/2020 09:05:38,63,1,9,OPEN
160,7343,07/15/2020 10:43:13,68,62,1,0,07/15/2020 10:43:16,26286205,7590,HVL-W,"20,092",64,07/15/2020 09:58:21,65,1,6,OPEN
428,7806,07/15/2020 10:43:13,65,60,1,1,07/15/2020 10:43:16,26286205,7590,HVL-W,"20,092",62,07/15/2020 09:58:21,62,1,3,OPEN
427,7805,07/15/2020 10:43:13,68,62,1,0,07/15/2020 10:43:16,26286205,7590,HVL-W,"20,092",63,07/15/2020 07:53:11,64,1,15,OPEN
1694,7590,07/15/2020 10:43:13,69,60,1,1,07/15/2020 10:43:16,26286205,7590,HVL-W,"20,092",63,07/15/2020 08:20:38,63,1,9,OPEN
1693,7589,07/15/2020 10:43:13,68,61,1,0,07/15/2020 10:43:16,26286205,7590,HVL-W,"20,092",64,07/15/2020 09:58:21,65,1,3,OPEN
1031,7748,07/15/2020 10:43:13,67,60,1,1,07/15/2020 10:43:16,26286205,7590,HVL-W,"20,092",62,07/15/2020 08:10:29,62,1,12,OPEN
1030,7747,07/15/2020 10:43:13,66,64,1,0,07/15/2020 10:43:16,26286205,7590,HVL-W,"20,092",64,07/15/2020 09:58:21,64,1,9,OPEN
175,7384,07/15/2020 10:43:14,68,60,1,1,07/15/2020 10:43:17,26286214,7714,0,0,63,07/15/2020 10:16:37,63,1,9,OPEN
375,7692,07/15/2020 10:43:14,67,59,1,1,07/15/2020 10:43:17,26286214,7714,0,0,62,07/15/2020 09:00:59,63,1,9,OPEN
374,7691,07/15/2020 10:43:14,66,61,1,0,07/15/2020 10:43:17,26286214,7714,0,0,63,07/15/2020 10:35:42,63,1,6,OPEN
334,7680,07/15/2020 10:43:14,66,60,1,1,07/15/2020 10:43:17,26286214,7714,0,0,62,07/15/2020 09:57:57,63,1,6,OPEN
174,7383,07/15/2020 10:43:14,68,64,1,0,07/15/2020 10:43:17,26286214,7714,0,0,63,07/15/2020 08:15:12,64,1,18,OPEN
493,7714,07/15/2020 10:43:14,67,59,1,1,07/15/2020 10:43:17,26286214,7714,0,0,62,07/15/2020 10:21:37,62,1,6,OPEN
550,7776,07/15/2020 10:43:14,68,61,1,1,07/15/2020 10:43:17,26286214,7714,0,0,63,07/15/2020 09:57:57,64,1,9,OPEN
551,7775,07/15/2020 10:43:14,70,64,1,0,07/15/2020 10:43:17,26286214,7714,0,0,65,07/15/2020 10:33:57,66,1,15,OPEN
335,7679,07/15/2020 10:43:14,68,61,1,0,07/15/2020 10:43:17,26286214,7714,0,0,63,07/15/2020 09:44:57,64,1,9,OPEN
494,7713,07/15/2020 10:43:14,67,62,1,0,07/15/2020 10:43:17,26286214,7714,0,0,64,07/15/2020 09:57:57,64,1,6,OPEN
3885,7295,07/15/2020 10:43:15,68,61,1,0,07/15/2020 10:43:18,26286224,7296,0,0,64,07/15/2020 08:43:28,64,1,6,OPEN
3884,7296,07/15/2020 10:43:15,68,59,1,1,07/15/2020 10:43:18,26286224,7296,0,0,63,07/15/2020 09:21:57,63,1,3,OPEN
873,7250,07/15/2020 10:43:16,67,60,1,1,07/15/2020 10:43:19,26286228,7250,HIL,86,62,07/15/2020 10:25:19,64,1,9,OPEN
874,7249,07/15/2020 10:43:16,69,60,1,0,07/15/2020 10:43:19,26286228,7250,HIL,86,64,07/15/2020 10:42:39,65,1,3,OPEN
723,7608,07/15/2020 10:43:16,67,59,1,1,07/15/2020 10:43:19,26286229,7766,0,0,63,07/15/2020 10:34:19,63,1,3,OPEN
722,7607,07/15/2020 10:43:16,67,62,1,0,07/15/2020 10:43:19,26286229,7766,0,0,64,07/15/2020 10:02:19,64,1,6,OPEN
721,7628,07/15/2020 10:43:16,66,59,1,1,07/15/2020 10:43:19,26286229,7766,0,0,62,07/15/2020 08:38:19,63,1,3,OPEN
720,7627,07/15/2020 10:43:16,69,60,1,0,07/15/2020 10:43:19,26286229,7766,0,0,65,07/15/2020 09:14:59,65,0,0,OPEN
675,7824,07/15/2020 10:43:16,67,61,1,1,07/15/2020 10:43:19,26286229,7766,0,0,63,07/15/2020 08:33:19,64,1,6,OPEN
674,7823,07/15/2020 10:43:16,67,62,1,0,07/15/2020 10:43:19,26286229,7766,0,0,64,07/15/2020 07:58:18,65,1,3,OPEN
655,7263,07/15/2020 10:43:16,68,61,1,0,07/15/2020 10:43:19,26286229,7766,0,0,63,07/15/2020 08:43:19,64,1,12,OPEN
656,7264,07/15/2020 10:43:16,66,59,1,1,07/15/2020 10:43:19,26286229,7766,0,0,62,07/15/2020 10:13:39,62,1,6,OPEN
783,7765,07/15/2020 10:43:16,67,60,1,0,07/15/2020 10:43:19,26286229,7766,0,0,63,07/15/2020 08:50:59,63,1,6,OPEN
782,7766,07/15/2020 10:43:16,67,60,1,1,07/15/2020 10:43:19,26286229,7766,0,0,63,07/15/2020 10:34:19,64,1,6,OPEN
774,7576,07/15/2020 10:43:16,67,59,1,1,07/15/2020 10:43:19,26286229,7766,0,0,62,07/15/2020 09:32:39,63,1,6,OPEN
773,7575,07/15/2020 10:43:16,67,60,1,0,07/15/2020 10:43:19,26286229,7766,0,0,63,07/15/2020 09:36:59,63,1,3,OPEN
541,7101,07/15/2020 10:43:16,68,63,1,0,07/15/2020 10:43:19,26286231,7102,0,0,64,07/15/2020 09:52:39,64,1,9,OPEN
61,7166,07/15/2020 10:43:16,65,60,1,1,07/15/2020 10:43:19,26286231,7102,0,0,61,07/15/2020 10:01:59,62,1,12,OPEN
60,7165,07/15/2020 10:43:16,68,61,1,0,07/15/2020 10:43:19,26286231,7102,0,0,64,07/15/2020 10:10:39,64,1,6,OPEN
542,7102,07/15/2020 10:43:16,67,59,1,1,07/15/2020 10:43:19,26286231,7102,0,0,62,07/15/2020 10:37:19,62,1,6,OPEN
15243,7194,07/15/2020 10:43:16,65,58,1,1,07/15/2020 10:43:19,26286231,7102,0,0,61,07/15/2020 10:42:59,62,1,3,OPEN
664,7376,07/15/2020 10:43:16,66,59,1,1,07/15/2020 10:43:19,26286231,7102,0,0,62,07/15/2020 09:15:59,62,1,3,OPEN
3353,7050,07/15/2020 10:43:16,65,59,1,1,07/15/2020 10:43:19,26286231,7102,0,0,62,07/15/2020 08:56:19,62,1,3,OPEN
3354,7049,07/15/2020 10:43:16,68,61,1,0,07/15/2020 10:43:19,26286231,7102,0,0,64,07/15/2020 08:46:59,64,1,6,OPEN
15242,7193,07/15/2020 10:43:16,68,60,1,0,07/15/2020 10:43:19,26286231,7102,0,0,63,07/15/2020 08:39:39,64,1,6,OPEN
665,7493,07/15/2020 10:43:16,67,61,1,0,07/15/2020 10:43:19,26286231,7102,0,0,63,07/15/2020 09:48:59,63,1,6,OPEN
5096,7519,07/15/2020 10:43:16,68,61,1,0,07/15/2020 10:43:19,26286232,7520,0,0,65,07/15/2020 09:30:01,65,0,0,OPEN
5097,7520,07/15/2020 10:43:16,65,60,1,1,07/15/2020 10:43:19,26286232,7520,0,0,62,07/15/2020 08:01:45,62,1,3,OPEN
3764,7318,07/15/2020 10:43:16,67,59,1,1,07/15/2020 10:43:19,26286232,7520,0,0,62,07/15/2020 09:41:49,62,1,9,OPEN
3765,7317,07/15/2020 10:43:16,68,60,1,0,07/15/2020 10:43:19,26286232,7520,0,0,64,07/15/2020 10:27:59,64,1,3,OPEN
3344,7416,07/15/2020 10:43:16,66,59,1,1,07/15/2020 10:43:19,26286232,7520,0,0,63,07/15/2020 10:27:59,63,0,0,OPEN
3345,7415,07/15/2020 10:43:16,65,61,1,0,07/15/2020 10:43:19,26286232,7520,0,0,63,07/15/2020 08:05:25,63,0,0,OPEN
527,7253,07/15/2020 10:43:16,67,60,1,0,07/15/2020 10:43:19,26286232,7520,0,0,63,07/15/2020 07:54:04,63,1,6,OPEN
528,7254,07/15/2020 10:43:16,66,59,1,1,07/15/2020 10:43:19,26286232,7520,0,0,62,07/15/2020 08:40:01,63,1,3,OPEN
146,7659,07/15/2020 10:43:16,67,62,1,0,07/15/2020 10:43:19,26286232,7520,0,0,64,07/15/2020 09:52:34,65,1,6,OPEN
147,7660,07/15/2020 10:43:16,66,59,1,1,07/15/2020 10:43:19,26286232,7520,0,0,62,07/15/2020 07:56:05,62,1,6,OPEN
79,7552,07/15/2020 10:43:18,66,59,1,1,07/15/2020 10:43:21,26286246,7130,KYD,112,62,07/15/2020 09:12:18,62,1,3,OPEN
3511,7150,07/15/2020 10:43:18,67,58,1,1,07/15/2020 10:43:21,26286246,7130,KYD,112,61,07/15/2020 09:11:59,62,1,9,OPEN
3513,7149,07/15/2020 10:43:18,66,62,1,0,07/15/2020 10:43:21,26286246,7130,KYD,112,63,07/15/2020 10:38:59,64,1,6,OPEN
3514,7450,07/15/2020 10:43:18,67,60,0,1,07/15/2020 10:43:21,26286246,7130,KYD,112,62,07/15/2020 10:02:21,63,1,9,CLOSED
36,7242,07/15/2020 10:43:18,66,58,1,1,07/15/2020 10:43:21,26286246,7130,KYD,112,61,07/15/2020 10:03:19,62,1,6,OPEN
78,7551,07/15/2020 10:43:18,69,61,1,0,07/15/2020 10:43:21,26286246,7130,KYD,112,64,07/15/2020 10:01:59,65,1,6,OPEN
3515,7449,07/15/2020 10:43:18,68,62,1,0,07/15/2020 10:43:21,26286246,7130,KYD,112,64,07/15/2020 09:01:38,65,1,6,OPEN
820,7129,07/15/2020 10:43:18,68,62,1,0,07/15/2020 10:43:21,26286246,7130,KYD,112,65,07/15/2020 10:06:13,65,1,3,OPEN
821,7130,07/15/2020 10:43:18,66,60,1,1,07/15/2020 10:43:21,26286246,7130,KYD,112,62,07/15/2020 09:10:01,62,1,6,OPEN
35,7241,07/15/2020 10:43:18,68,61,1,0,07/15/2020 10:43:21,26286246,7130,KYD,112,64,07/15/2020 09:18:39,64,1,3,OPEN
10946,7315,07/15/2020 10:43:18,69,64,1,0,07/15/2020 10:43:22,26286247,7528,0,0,65,07/15/2020 08:08:36,65,1,12,OPEN
10945,7316,07/15/2020 10:43:18,67,63,1,1,07/15/2020 10:43:22,26286247,7528,0,0,63,07/15/2020 10:24:02,65,1,15,OPEN
3246,7502,07/15/2020 10:43:18,68,61,1,1,07/15/2020 10:43:22,26286247,7528,0,0,62,07/15/2020 08:25:21,62,1,18,OPEN
3245,7501,07/15/2020 10:43:18,68,63,1,0,07/15/2020 10:43:22,26286247,7528,0,0,64,07/15/2020 10:20:36,65,1,12,OPEN
2419,7503,07/15/2020 10:43:18,68,62,1,0,07/15/2020 10:43:22,26286247,7528,0,0,64,07/15/2020 10:29:18,64,1,9,OPEN
2418,7504,07/15/2020 10:43:18,255,255,1,1,07/15/2020 10:43:22,26286247,7528,0,0,63,07/15/2020 03:40:40,63,0,-1,OPEN
2413,7213,07/15/2020 10:43:18,68,62,1,0,07/15/2020 10:43:22,26286247,7528,0,0,63,07/15/2020 10:02:24,64,1,12,OPEN
10947,7528,07/15/2020 10:43:18,67,60,1,1,07/15/2020 10:43:22,26286247,7528,0,0,62,07/15/2020 08:49:17,62,1,12,OPEN
10948,7527,07/15/2020 10:43:18,69,62,1,0,07/15/2020 10:43:22,26286247,7528,0,0,63,07/15/2020 08:18:21,63,1,15,OPEN
2412,7214,07/15/2020 10:43:18,68,59,1,1,07/15/2020 10:43:22,26286247,7528,0,0,62,07/15/2020 10:29:16,63,1,12,OPEN
338,7674,07/15/2020 10:43:19,65,60,1,1,07/15/2020 10:43:22,26286248,7674,WSY,234,62,07/15/2020 10:04:22,62,1,6,OPEN
337,7673,07/15/2020 10:43:19,69,61,1,0,07/15/2020 10:43:22,26286248,7674,WSY,234,65,07/15/2020 09:34:01,65,1,3,OPEN
135,7070,07/15/2020 10:43:19,67,59,1,1,07/15/2020 10:43:22,26286248,7674,WSY,234,63,07/15/2020 07:56:08,63,1,3,OPEN
17707,7562,07/15/2020 10:43:19,64,59,1,1,07/15/2020 10:43:22,26286248,7674,WSY,234,62,07/15/2020 10:23:42,62,0,0,OPEN
17706,7561,07/15/2020 10:43:19,68,61,1,0,07/15/2020 10:43:22,26286248,7674,WSY,234,64,07/15/2020 08:41:21,65,1,3,OPEN
55,7498,07/15/2020 10:43:19,67,59,1,1,07/15/2020 10:43:22,26286248,7674,WSY,234,63,07/15/2020 09:30:22,63,1,3,OPEN
54,7497,07/15/2020 10:43:19,68,62,1,0,07/15/2020 10:43:22,26286248,7674,WSY,234,65,07/15/2020 09:56:22,65,1,3,OPEN
134,7069,07/15/2020 10:43:19,69,62,1,0,07/15/2020 10:43:22,26286248,7674,WSY,234,65,07/15/2020 10:05:22,65,1,6,OPEN
33,7647,07/15/2020 10:43:19,69,61,1,0,07/15/2020 10:43:22,26286248,7674,WSY,234,65,07/15/2020 10:07:42,65,1,3,OPEN
34,7648,07/15/2020 10:43:19,65,59,1,1,07/15/2020 10:43:22,26286248,7674,WSY,234,62,07/15/2020 08:59:18,62,1,3,OPEN
916,7308,07/15/2020 10:43:20,68,61,1,1,07/15/2020 10:43:23,26286254,7356,BRS,23,62,07/15/2020 07:47:53,63,1,15,OPEN
917,7307,07/15/2020 10:43:20,67,64,1,0,07/15/2020 10:43:23,26286254,7356,BRS,23,64,07/15/2020 10:05:54,65,1,12,OPEN
349,7356,07/15/2020 10:43:20,69,61,1,1,07/15/2020 10:43:23,26286254,7356,BRS,23,63,07/15/2020 08:26:46,63,1,15,OPEN
350,7355,07/15/2020 10:43:20,65,61,1,0,07/15/2020 10:43:23,26286254,7356,BRS,23,62,07/15/2020 07:54:40,62,1,9,OPEN
672,7285,07/15/2020 10:43:20,69,62,1,0,07/15/2020 10:43:23,26286254,7356,BRS,23,65,07/15/2020 09:32:06,65,1,6,OPEN
673,7286,07/15/2020 10:43:20,64,60,1,1,07/15/2020 10:43:23,26286254,7356,BRS,23,61,07/15/2020 08:39:26,62,1,6,OPEN
73,7523,07/15/2020 10:43:19,68,61,1,0,07/15/2020 10:43:23,26286255,7440,JAM,102,63,07/15/2020 09:29:22,65,1,9,OPEN
74,7524,07/15/2020 10:43:19,66,59,1,1,07/15/2020 10:43:23,26286255,7440,JAM,102,59,07/15/2020 10:16:22,63,1,24,OPEN
372,7217,07/15/2020 10:43:19,67,60,1,0,07/15/2020 10:43:23,26286255,7440,JAM,102,64,07/15/2020 09:54:02,64,0,0,OPEN
373,7218,07/15/2020 10:43:19,65,60,1,1,07/15/2020 10:43:23,26286255,7440,JAM,102,61,07/15/2020 09:18:23,62,1,9,OPEN
507,7439,07/15/2020 10:43:19,67,62,1,0,07/15/2020 10:43:23,26286255,7440,JAM,102,64,07/15/2020 09:00:42,64,1,6,OPEN
508,7440,07/15/2020 10:43:19,65,59,1,1,07/15/2020 10:43:23,26286255,7440,JAM,102,62,07/15/2020 09:02:02,62,0,0,OPEN
4181,7089,07/15/2020 10:43:19,70,62,1,0,07/15/2020 10:43:23,26286255,7440,JAM,102,66,07/15/2020 09:42:22,66,0,0,OPEN
4183,7090,07/15/2020 10:43:19,65,58,1,1,07/15/2020 10:43:23,26286255,7440,JAM,102,61,07/15/2020 10:22:43,62,1,3,OPEN
23281,7423,07/15/2020 10:43:19,67,59,1,0,07/15/2020 10:43:23,26286255,7440,JAM,102,63,07/15/2020 07:48:02,63,0,0,OPEN
23282,7424,07/15/2020 10:43:19,66,58,1,1,07/15/2020 10:43:23,26286255,7440,JAM,102,62,07/15/2020 09:03:22,62,1,3,OPEN
4395,7188,07/15/2020 10:43:19,65,59,1,1,07/15/2020 10:43:23,26286255,7440,JAM,102,62,07/15/2020 08:45:22,62,1,3,OPEN
4396,7187,07/15/2020 10:43:19,66,62,1,0,07/15/2020 10:43:23,26286255,7440,JAM,102,63,07/15/2020 10:12:23,64,1,6,OPEN
113,7080,07/15/2020 10:43:20,66,58,1,1,07/15/2020 10:43:23,26286259,7512,0,0,61,07/15/2020 08:51:54,62,1,6,OPEN
475,7511,07/15/2020 10:43:20,67,60,0,0,07/15/2020 10:43:23,26286259,7512,0,0,63,07/15/2020 09:33:55,64,1,3,CLOSED
538,7610,07/15/2020 10:43:20,66,60,1,1,07/15/2020 10:43:23,26286259,7512,0,0,63,07/15/2020 08:08:14,63,1,3,OPEN
537,7609,07/15/2020 10:43:20,67,61,1,0,07/15/2020 10:43:23,26286259,7512,0,0,64,07/15/2020 09:54:15,64,1,3,OPEN
476,7512,07/15/2020 10:43:20,66,59,1,1,07/15/2020 10:43:23,26286259,7512,0,0,62,07/15/2020 09:59:55,62,1,3,OPEN
114,7079,07/15/2020 10:43:20,67,60,1,0,07/15/2020 10:43:23,26286259,7512,0,0,63,07/15/2020 09:27:14,64,1,6,OPEN
128,7698,07/15/2020 10:43:19,67,59,1,1,07/15/2020 10:43:23,26286261,7698,0,0,62,07/15/2020 09:25:23,63,1,6,OPEN
253,7330,07/15/2020 10:43:19,65,60,1,1,07/15/2020 10:43:23,26286261,7698,0,0,62,07/15/2020 09:10:43,63,1,3,OPEN
254,7329,07/15/2020 10:43:19,68,57,1,0,07/15/2020 10:43:23,26286261,7698,0,0,62,07/15/2020 10:04:23,63,1,6,OPEN
310,7245,07/15/2020 10:43:19,68,60,1,0,07/15/2020 10:43:23,26286261,7698,0,0,63,07/15/2020 10:05:03,64,1,6,OPEN
311,7246,07/15/2020 10:43:19,64,59,1,1,07/15/2020 10:43:23,26286261,7698,0,0,61,07/15/2020 09:38:03,61,1,3,OPEN
522,7815,07/15/2020 10:43:19,68,61,1,0,07/15/2020 10:43:23,26286261,7698,0,0,64,07/15/2020 10:19:03,64,1,6,OPEN
523,7816,07/15/2020 10:43:19,65,59,1,1,07/15/2020 10:43:23,26286261,7698,0,0,62,07/15/2020 10:06:43,62,1,3,OPEN
918,7024,07/15/2020 10:43:19,67,58,1,1,07/15/2020 10:43:23,26286261,7698,0,0,62,07/15/2020 10:36:23,63,1,3,OPEN
919,7023,07/15/2020 10:43:19,63,62,1,0,07/15/2020 10:43:23,26286261,7698,0,0,62,07/15/2020 08:11:43,62,1,3,OPEN
129,7697,07/15/2020 10:43:19,65,60,1,0,07/15/2020 10:43:23,26286261,7698,0,0,63,07/15/2020 09:12:43,63,0,0,OPEN
23279,7071,07/15/2020 10:43:19,69,63,1,0,07/15/2020 10:43:23,26286261,7698,0,0,66,07/15/2020 09:27:03,66,1,3,OPEN
23280,7072,07/15/2020 10:43:19,65,60,1,1,07/15/2020 10:43:23,26286261,7698,0,0,62,07/15/2020 08:03:23,62,1,6,OPEN
106,7737,07/15/2020 10:43:21,69,63,1,0,07/15/2020 10:43:23,26286263,7616,PWS,171,65,07/15/2020 09:56:35,65,1,6,OPEN
107,7738,07/15/2020 10:43:21,65,59,1,1,07/15/2020 10:43:23,26286263,7616,PWS,171,61,07/15/2020 08:38:26,61,1,6,OPEN
67,7615,07/15/2020 10:43:21,67,61,1,0,07/15/2020 10:43:23,26286263,7616,PWS,171,64,07/15/2020 08:38:26,64,1,3,OPEN
68,7616,07/15/2020 10:43:21,66,60,1,1,07/15/2020 10:43:23,26286263,7616,PWS,171,62,07/15/2020 07:55:39,62,1,6,OPEN
69,7433,07/15/2020 10:43:21,70,61,1,0,07/15/2020 10:43:23,26286263,7616,PWS,171,65,07/15/2020 09:56:35,65,1,3,OPEN
70,7434,07/15/2020 10:43:21,64,60,1,1,07/15/2020 10:43:23,26286263,7616,PWS,171,62,07/15/2020 08:38:26,62,1,3,OPEN
423,7167,07/15/2020 10:43:21,67,61,1,0,07/15/2020 10:43:23,26286263,7616,PWS,171,64,07/15/2020 09:56:35,64,0,0,OPEN
424,7168,07/15/2020 10:43:21,67,60,1,1,07/15/2020 10:43:23,26286263,7616,PWS,171,62,07/15/2020 07:55:39,62,1,9,OPEN
566,7031,07/15/2020 10:43:20,66,62,1,0,07/15/2020 10:43:23,26286265,7788,0,0,63,07/15/2020 10:30:55,64,1,6,OPEN
567,7032,07/15/2020 10:43:20,65,60,1,1,07/15/2020 10:43:23,26286265,7788,0,0,62,07/15/2020 08:02:23,63,1,3,OPEN
37,7787,07/15/2020 10:43:20,68,61,1,0,07/15/2020 10:43:23,26286265,7788,0,0,64,07/15/2020 10:27:35,65,1,3,OPEN
38,7788,07/15/2020 10:43:20,67,59,1,1,07/15/2020 10:43:23,26286265,7788,0,0,61,07/15/2020 08:59:03,62,1,12,OPEN
364,7654,07/15/2020 10:43:20,66,59,1,1,07/15/2020 10:43:23,26286265,7788,0,0,63,07/15/2020 10:28:53,63,0,0,OPEN
365,7653,07/15/2020 10:43:20,68,61,1,0,07/15/2020 10:43:23,26286265,7788,0,0,64,07/15/2020 10:29:53,64,1,3,OPEN
97,7683,07/15/2020 10:43:20,67,62,1,0,07/15/2020 10:43:23,26286265,7788,0,0,64,07/15/2020 08:38:43,64,1,6,OPEN
1046,7625,07/15/2020 10:43:20,67,61,1,0,07/15/2020 10:43:23,26286265,7788,0,0,63,07/15/2020 09:00:13,64,1,6,OPEN
1047,7626,07/15/2020 10:43:20,67,60,1,1,07/15/2020 10:43:23,26286265,7788,0,0,62,07/15/2020 09:08:55,64,1,9,OPEN
1050,7571,07/15/2020 10:43:20,67,62,1,0,07/15/2020 10:43:23,26286265,7788,0,0,64,07/15/2020 09:01:43,64,1,6,OPEN
1051,7572,07/15/2020 10:43:20,66,60,1,1,07/15/2020 10:43:23,26286265,7788,0,0,62,07/15/2020 09:33:33,63,1,9,OPEN
98,7684,07/15/2020 10:43:20,67,59,1,1,07/15/2020 10:43:23,26286265,7788,0,0,63,07/15/2020 09:52:33,63,1,3,OPEN
119,7400,07/15/2020 10:43:20,65,59,1,1,07/15/2020 10:43:24,26286271,7092,HIL,86,62,07/15/2020 09:50:34,62,1,3,OPEN
120,7399,07/15/2020 10:43:20,66,62,1,0,07/15/2020 10:43:24,26286271,7092,HIL,86,64,07/15/2020 10:20:27,64,1,3,OPEN
204,7116,07/15/2020 10:43:20,67,60,0,1,07/15/2020 10:43:24,26286271,7092,HIL,86,63,07/15/2020 07:45:53,63,1,6,CLOSED
457,7385,07/15/2020 10:43:20,67,62,1,0,07/15/2020 10:43:24,26286271,7092,HIL,86,64,07/15/2020 08:45:04,65,1,3,OPEN
458,7386,07/15/2020 10:43:20,68,60,1,1,07/15/2020 10:43:24,26286271,7092,HIL,86,63,07/15/2020 09:19:23,63,1,9,OPEN
459,7091,07/15/2020 10:43:20,66,61,1,0,07/15/2020 10:43:24,26286271,7092,HIL,86,64,07/15/2020 10:39:44,64,0,0,OPEN
460,7092,07/15/2020 10:43:20,66,59,1,1,07/15/2020 10:43:24,26286271,7092,HIL,86,62,07/15/2020 08:24:02,62,1,3,OPEN
461,7779,07/15/2020 10:43:20,68,61,1,0,07/15/2020 10:43:24,26286271,7092,HIL,86,64,07/15/2020 08:33:12,64,1,6,OPEN
462,7780,07/15/2020 10:43:20,67,60,1,1,07/15/2020 10:43:24,26286271,7092,HIL,86,63,07/15/2020 10:06:04,63,1,6,OPEN
95,7099,07/15/2020 10:43:20,68,60,1,0,07/15/2020 10:43:24,26286271,7092,HIL,86,64,07/15/2020 09:06:14,64,1,3,OPEN
96,7100,07/15/2020 10:43:20,65,59,1,1,07/15/2020 10:43:24,26286271,7092,HIL,86,62,07/15/2020 10:17:42,62,1,3,OPEN
205,7115,07/15/2020 10:43:20,70,62,1,0,07/15/2020 10:43:24,26286271,7092,HIL,86,65,07/15/2020 10:06:34,65,1,9,OPEN
197,7302,07/15/2020 10:43:21,64,60,1,1,07/15/2020 10:43:24,26286274,7052,0,0,62,07/15/2020 08:28:22,62,1,3,OPEN
575,7052,07/15/2020 10:43:21,65,58,1,1,07/15/2020 10:43:24,26286274,7052,0,0,61,07/15/2020 09:59:02,62,1,3,OPEN
576,7051,07/15/2020 10:43:21,67,60,1,0,07/15/2020 10:43:24,26286274,7052,0,0,62,07/15/2020 08:09:42,63,1,9,OPEN
10951,7554,07/15/2020 10:43:21,65,60,1,1,07/15/2020 10:43:24,26286274,7052,0,0,63,07/15/2020 07:58:44,63,0,0,OPEN
10952,7043,07/15/2020 10:43:21,67,61,1,0,07/15/2020 10:43:24,26286274,7052,0,0,64,07/15/2020 07:58:42,64,1,3,OPEN
869,7446,07/15/2020 10:43:21,66,61,1,1,07/15/2020 10:43:24,26286274,7052,0,0,63,07/15/2020 10:36:49,64,1,3,OPEN
870,7445,07/15/2020 10:43:21,66,61,1,0,07/15/2020 10:43:24,26286274,7052,0,0,64,07/15/2020 10:11:22,64,0,0,OPEN
578,7157,07/15/2020 10:43:21,68,61,1,0,07/15/2020 10:43:24,26286274,7052,0,0,64,07/15/2020 08:06:22,64,1,3,OPEN
196,7301,07/15/2020 10:43:21,69,62,1,0,07/15/2020 10:43:24,26286274,7052,0,0,65,07/15/2020 10:25:42,66,1,6,OPEN
577,7158,07/15/2020 10:43:21,66,60,1,1,07/15/2020 10:43:24,26286274,7052,0,0,63,07/15/2020 08:50:22,63,1,3,OPEN
3269,7640,07/15/2020 10:43:21,68,58,1,1,07/15/2020 10:43:24,26286274,7052,0,0,63,07/15/2020 10:24:44,63,1,3,OPEN
3270,7639,07/15/2020 10:43:21,68,62,1,0,07/15/2020 10:43:24,26286274,7052,0,0,65,07/15/2020 09:56:02,65,1,3,OPEN
110,7239,07/15/2020 10:43:21,69,63,1,0,07/15/2020 10:43:24,26286275,7666,DIV,43,65,07/15/2020 10:08:24,66,1,9,OPEN
111,7240,07/15/2020 10:43:21,65,61,1,1,07/15/2020 10:43:24,26286275,7666,DIV,43,62,07/15/2020 09:25:34,62,1,6,OPEN
150,7145,07/15/2020 10:43:21,69,61,1,0,07/15/2020 10:43:24,26286275,7666,DIV,43,63,07/15/2020 09:53:21,64,1,15,OPEN
540,7454,07/15/2020 10:43:21,255,255,1,1,07/15/2020 10:43:24,26286275,7666,DIV,43,,,,0,-1,OPEN
91,7515,07/15/2020 10:43:21,70,62,1,0,07/15/2020 10:43:24,26286275,7666,DIV,43,64,07/15/2020 08:29:04,65,1,12,OPEN
92,7516,07/15/2020 10:43:21,68,63,1,1,07/15/2020 10:43:24,26286275,7666,DIV,43,64,07/15/2020 08:50:24,65,1,12,OPEN
539,7453,07/15/2020 10:43:21,66,62,1,0,07/15/2020 10:43:24,26286275,7666,DIV,43,63,07/15/2020 10:23:04,64,1,6,OPEN
920,7666,07/15/2020 10:43:21,66,61,1,1,07/15/2020 10:43:24,26286275,7666,DIV,43,62,07/15/2020 09:46:44,63,1,9,OPEN
921,7665,07/15/2020 10:43:21,70,61,1,0,07/15/2020 10:43:24,26286275,7666,DIV,43,64,07/15/2020 09:57:44,65,1,12,OPEN
151,7146,07/15/2020 10:43:21,67,58,1,1,07/15/2020 10:43:24,26286275,7666,DIV,43,62,07/15/2020 09:53:21,62,1,6,OPEN
4402,7208,07/15/2020 10:43:21,67,59,1,1,07/15/2020 10:43:24,26286275,7666,DIV,43,62,07/15/2020 08:22:18,63,1,6,OPEN
4403,7207,07/15/2020 10:43:21,67,61,1,0,07/15/2020 10:43:24,26286275,7666,DIV,43,62,07/15/2020 08:43:44,63,1,12,OPEN
343,7435,07/15/2020 10:43:21,68,61,1,0,07/15/2020 10:43:24,26286276,7436,JAM,102,64,07/15/2020 09:31:49,64,1,3,OPEN
344,7436,07/15/2020 10:43:21,67,60,1,1,07/15/2020 10:43:24,26286276,7436,JAM,102,62,07/15/2020 08:49:44,62,1,9,OPEN
345,7681,07/15/2020 10:43:21,67,62,1,0,07/15/2020 10:43:24,26286276,7436,JAM,102,64,07/15/2020 08:17:28,64,1,6,OPEN
346,7682,07/15/2020 10:43:21,68,59,1,1,07/15/2020 10:43:24,26286276,7436,JAM,102,63,07/15/2020 08:57:49,63,1,6,OPEN
312,7135,07/15/2020 10:43:21,67,60,1,0,07/15/2020 10:43:24,26286276,7436,JAM,102,63,07/15/2020 10:40:22,64,1,3,OPEN
1034,7219,07/15/2020 10:43:21,69,61,1,0,07/15/2020 10:43:24,26286276,7436,JAM,102,64,07/15/2020 10:41:42,65,1,6,OPEN
1035,7624,07/15/2020 10:43:21,67,60,1,1,07/15/2020 10:43:24,26286276,7436,JAM,102,63,07/15/2020 08:30:02,63,1,3,OPEN
502,7778,07/15/2020 10:43:21,68,60,1,1,07/15/2020 10:43:24,26286276,7436,JAM,102,63,07/15/2020 07:58:22,63,1,6,OPEN
771,7073,07/15/2020 10:43:21,67,61,1,0,07/15/2020 10:43:24,26286276,7436,JAM,102,64,07/15/2020 08:37:22,64,0,0,OPEN
772,7074,07/15/2020 10:43:21,66,58,1,1,07/15/2020 10:43:24,26286276,7436,JAM,102,62,07/15/2020 09:08:42,62,1,3,OPEN
501,7777,07/15/2020 10:43:21,68,61,1,0,07/15/2020 10:43:24,26286276,7436,JAM,102,64,07/15/2020 08:26:42,64,1,3,OPEN
313,7136,07/15/2020 10:43:21,67,60,1,1,07/15/2020 10:43:24,26286276,7436,JAM,102,63,07/15/2020 09:47:42,63,1,6,OPEN
558,7382,07/15/2020 10:43:21,65,59,1,1,07/15/2020 10:43:24,26286277,7382,0,0,61,07/15/2020 07:53:23,61,1,6,OPEN
559,7381,07/15/2020 10:43:21,68,61,1,0,07/15/2020 10:43:24,26286277,7382,0,0,62,07/15/2020 10:39:44,65,1,15,OPEN
47,7255,07/15/2020 10:43:21,68,62,1,0,07/15/2020 10:43:24,26286277,7382,0,0,64,07/15/2020 10:40:44,65,1,9,OPEN
454,7702,07/15/2020 10:43:21,69,64,1,1,07/15/2020 10:43:24,26286277,7382,0,0,63,07/15/2020 08:26:18,64,1,21,OPEN
455,7701,07/15/2020 10:43:21,68,62,1,0,07/15/2020 10:43:24,26286277,7382,0,0,63,07/15/2020 10:35:59,64,1,12,OPEN
247,7144,07/15/2020 10:43:21,69,62,1,1,07/15/2020 10:43:24,26286277,7382,0,0,63,07/15/2020 09:23:41,64,1,15,OPEN
248,7143,07/15/2020 10:43:21,70,64,1,0,07/15/2020 10:43:24,26286277,7382,0,0,64,07/15/2020 09:17:21,65,1,21,OPEN
173044,7833,07/15/2020 10:43:21,68,62,1,0,07/15/2020 10:43:24,26286277,7382,0,0,63,07/15/2020 08:22:18,63,1,12,OPEN
173045,7834,07/15/2020 10:43:21,68,62,1,1,07/15/2020 10:43:24,26286277,7382,0,0,63,07/15/2020 10:11:24,64,1,12,OPEN
48,7256,07/15/2020 10:43:21,68,62,1,1,07/15/2020 10:43:24,26286277,7382,0,0,63,07/15/2020 08:07:58,63,1,15,OPEN
653,7107,07/15/2020 10:43:21,69,62,1,0,07/15/2020 10:43:24,26286278,7700,0,0,66,07/15/2020 09:30:04,66,0,0,OPEN
654,7108,07/15/2020 10:43:21,65,62,1,1,07/15/2020 10:43:24,26286278,7700,0,0,63,07/15/2020 09:25:04,63,1,6,OPEN
65,7011,07/15/2020 10:43:21,69,62,1,0,07/15/2020 10:43:24,26286278,7700,0,0,65,07/15/2020 10:31:44,66,1,6,OPEN
392,7076,07/15/2020 10:43:21,64,60,1,1,07/15/2020 10:43:24,26286278,7700,0,0,62,07/15/2020 09:19:24,62,0,0,OPEN
226,7700,07/15/2020 10:43:21,65,60,1,1,07/15/2020 10:43:24,26286278,7700,0,0,62,07/15/2020 08:43:44,62,1,3,OPEN
227,7699,07/15/2020 10:43:21,69,62,1,0,07/15/2020 10:43:24,26286278,7700,0,0,64,07/15/2020 09:03:24,65,1,9,OPEN
10949,7614,07/15/2020 10:43:21,67,59,1,1,07/15/2020 10:43:24,26286278,7700,0,0,62,07/15/2020 09:25:24,63,1,6,OPEN
10950,7613,07/15/2020 10:43:21,68,60,1,0,07/15/2020 10:43:24,26286278,7700,0,0,63,07/15/2020 08:48:04,63,1,9,OPEN
66,7012,07/15/2020 10:43:21,67,59,1,1,07/15/2020 10:43:24,26286278,7700,0,0,62,07/15/2020 08:36:45,62,1,9,OPEN
391,7075,07/15/2020 10:43:21,68,62,1,0,07/15/2020 10:43:24,26286278,7700,0,0,63,07/15/2020 07:45:24,63,1,12,OPEN
23277,7251,07/15/2020 10:43:21,68,62,1,0,07/15/2020 10:43:24,26286278,7700,0,0,63,07/15/2020 09:08:24,64,1,12,OPEN
23278,7252,07/15/2020 10:43:21,66,61,1,1,07/15/2020 10:43:24,26286278,7700,0,0,62,07/15/2020 09:22:44,62,1,9,OPEN
328,7630,07/15/2020 10:43:21,67,59,1,1,07/15/2020 10:43:24,26286279,7394,NAV-W,"20,148",63,07/15/2020 09:39:23,63,1,3,OPEN
329,7629,07/15/2020 10:43:21,66,61,1,0,07/15/2020 10:43:24,26286279,7394,NAV-W,"20,148",64,07/15/2020 07:51:03,64,0,0,OPEN
3340,7288,07/15/2020 10:43:21,64,60,1,1,07/15/2020 10:43:24,26286279,7394,NAV-W,"20,148",62,07/15/2020 10:40:43,62,1,3,OPEN
3341,7287,07/15/2020 10:43:21,66,59,1,0,07/15/2020 10:43:24,26286279,7394,NAV-W,"20,148",62,07/15/2020 09:06:03,63,1,6,OPEN
15363,7039,07/15/2020 10:43:21,68,62,1,0,07/15/2020 10:43:24,26286279,7394,NAV-W,"20,148",64,07/15/2020 09:12:23,65,1,6,OPEN
15364,7040,07/15/2020 10:43:21,66,59,1,1,07/15/2020 10:43:24,26286279,7394,NAV-W,"20,148",62,07/15/2020 08:44:43,62,1,6,OPEN
489,7394,07/15/2020 10:43:21,65,59,1,1,07/15/2020 10:43:24,26286279,7394,NAV-W,"20,148",62,07/15/2020 10:36:03,62,1,3,OPEN
490,7393,07/15/2020 10:43:21,68,62,1,0,07/15/2020 10:43:24,26286279,7394,NAV-W,"20,148",64,07/15/2020 07:52:03,64,1,9,OPEN
387,7756,07/15/2020 10:43:22,65,59,1,1,07/15/2020 10:43:25,26286280,7756,0,0,62,07/15/2020 10:29:04,62,1,3,OPEN
388,7755,07/15/2020 10:43:22,69,62,1,0,07/15/2020 10:43:25,26286280,7756,0,0,64,07/15/2020 08:06:47,65,1,9,OPEN
239,7390,07/15/2020 10:43:22,67,59,1,1,07/15/2020 10:43:25,26286280,7756,0,0,62,07/15/2020 10:26:24,62,1,9,OPEN
240,7389,07/15/2020 10:43:22,63,61,1,0,07/15/2020 10:43:25,26286280,7756,0,0,62,07/15/2020 10:29:42,62,1,3,OPEN
1687,7375,07/15/2020 10:43:22,69,60,1,0,07/15/2020 10:43:25,26286280,7756,0,0,64,07/15/2020 08:08:42,64,1,3,OPEN
1688,7494,07/15/2020 10:43:22,67,59,1,1,07/15/2020 10:43:25,26286280,7756,0,0,63,07/15/2020 08:38:02,63,1,3,OPEN
479,7323,07/15/2020 10:43:22,68,61,1,0,07/15/2020 10:43:25,26286280,7756,0,0,64,07/15/2020 08:01:04,64,1,6,OPEN
480,7324,07/15/2020 10:43:22,65,60,1,1,07/15/2020 10:43:25,26286280,7756,0,0,62,07/15/2020 10:14:42,62,1,3,OPEN
871,7154,07/15/2020 10:43:22,64,60,1,1,07/15/2020 10:43:25,26286280,7756,0,0,62,07/15/2020 09:56:44,62,1,3,OPEN
872,7153,07/15/2020 10:43:22,68,60,1,0,07/15/2020 10:43:25,26286280,7756,0,0,64,07/15/2020 08:54:02,64,1,3,OPEN
875,7310,07/15/2020 10:43:22,65,60,1,1,07/15/2020 10:43:25,26286280,7756,0,0,62,07/15/2020 09:20:04,62,1,3,OPEN
876,7309,07/15/2020 10:43:22,67,61,1,0,07/15/2020 10:43:25,26286280,7756,0,0,64,07/15/2020 08:55:44,64,1,3,OPEN
582,7811,07/15/2020 10:43:21,69,60,1,0,07/15/2020 10:43:25,26286281,7086,0,0,64,07/15/2020 07:55:44,64,1,6,OPEN
29,7086,07/15/2020 10:43:21,68,58,1,1,07/15/2020 10:43:25,26286281,7086,0,0,62,07/15/2020 09:05:00,63,1,9,OPEN
306,7221,07/15/2020 10:43:21,66,64,1,0,07/15/2020 10:43:25,26286281,7086,0,0,65,07/15/2020 10:30:05,65,1,3,OPEN
307,7222,07/15/2020 10:43:21,67,60,1,1,07/15/2020 10:43:25,26286281,7086,0,0,64,07/15/2020 08:21:40,64,0,0,OPEN
308,7391,07/15/2020 10:43:21,65,60,1,0,07/15/2020 10:43:25,26286281,7086,0,0,63,07/15/2020 08:51:20,63,0,0,OPEN
309,7392,07/15/2020 10:43:21,65,59,1,1,07/15/2020 10:43:25,26286281,7086,0,0,62,07/15/2020 10:08:41,62,0,0,OPEN
583,7812,07/15/2020 10:43:21,67,59,1,1,07/15/2020 10:43:25,26286281,7086,0,0,63,07/15/2020 10:30:01,63,0,0,OPEN
2010,7689,07/15/2020 10:43:21,67,61,1,0,07/15/2020 10:43:25,26286281,7086,0,0,64,07/15/2020 09:26:00,64,0,0,OPEN
2011,7690,07/15/2020 10:43:21,64,59,1,1,07/15/2020 10:43:25,26286281,7086,0,0,61,07/15/2020 08:17:24,62,1,6,OPEN
28,7085,07/15/2020 10:43:21,69,61,1,0,07/15/2020 10:43:25,26286281,7086,0,0,64,07/15/2020 09:22:45,65,1,6,OPEN
104,7021,07/15/2020 10:43:23,69,64,1,0,07/15/2020 10:43:25,26286283,7338,0,0,66,07/15/2020 08:41:43,66,1,6,OPEN
342,7350,07/15/2020 10:43:23,66,60,1,1,07/15/2020 10:43:25,26286283,7338,0,0,62,07/15/2020 10:20:23,62,1,6,OPEN
425,7645,07/15/2020 10:43:23,67,60,1,0,07/15/2020 10:43:25,26286283,7338,0,0,63,07/15/2020 08:25:03,63,1,6,OPEN
426,7646,07/15/2020 10:43:23,65,60,1,1,07/15/2020 10:43:25,26286283,7338,0,0,61,07/15/2020 10:40:01,62,1,9,OPEN
230,7448,07/15/2020 10:43:23,67,60,1,1,07/15/2020 10:43:25,26286283,7338,0,0,63,07/15/2020 08:03:43,63,1,6,OPEN
231,7447,07/15/2020 10:43:23,68,62,1,0,07/15/2020 10:43:25,26286283,7338,0,0,64,07/15/2020 08:23:03,64,1,6,OPEN
1691,7289,07/15/2020 10:43:23,67,62,1,0,07/15/2020 10:43:25,26286283,7338,0,0,63,07/15/2020 10:41:05,64,1,9,OPEN
1692,7290,07/15/2020 10:43:23,68,59,1,1,07/15/2020 10:43:25,26286283,7338,0,0,63,07/15/2020 09:37:23,63,1,6,OPEN
341,7349,07/15/2020 10:43:23,67,61,1,0,07/15/2020 10:43:25,26286283,7338,0,0,63,07/15/2020 08:52:03,63,1,9,OPEN
105,7022,07/15/2020 10:43:23,69,60,1,1,07/15/2020 10:43:25,26286283,7338,0,0,64,07/15/2020 08:43:43,64,1,6,OPEN
748,7337,07/15/2020 10:43:23,69,61,1,0,07/15/2020 10:43:25,26286283,7338,0,0,64,07/15/2020 08:53:25,64,1,9,OPEN
749,7338,07/15/2020 10:43:23,65,60,1,1,07/15/2020 10:43:25,26286283,7338,0,0,62,07/15/2020 08:38:24,62,1,6,OPEN
172,7557,07/15/2020 10:43:23,68,61,1,0,07/15/2020 10:43:25,26286287,7808,0,0,64,07/15/2020 09:46:05,64,1,6,OPEN
173,7558,07/15/2020 10:43:23,67,60,1,1,07/15/2020 10:43:25,26286287,7808,0,0,62,07/15/2020 10:00:45,63,1,9,OPEN
710,7807,07/15/2020 10:43:23,69,61,1,0,07/15/2020 10:43:25,26286287,7808,0,0,64,07/15/2020 08:58:05,64,1,6,OPEN
711,7808,07/15/2020 10:43:23,67,59,1,1,07/15/2020 10:43:25,26286287,7808,0,0,62,07/15/2020 09:46:25,63,1,9,OPEN
376,7029,07/15/2020 10:43:23,67,61,1,0,07/15/2020 10:43:25,26286287,7808,0,0,64,07/15/2020 08:22:05,64,1,3,OPEN
377,7030,07/15/2020 10:43:23,65,59,1,1,07/15/2020 10:43:25,26286287,7808,0,0,62,07/15/2020 08:58:05,62,1,3,OPEN
1028,7813,07/15/2020 10:43:23,68,62,1,0,07/15/2020 10:43:25,26286287,7808,0,0,64,07/15/2020 09:54:58,65,1,6,OPEN
1029,7814,07/15/2020 10:43:23,66,58,1,1,07/15/2020 10:43:25,26286287,7808,0,0,61,07/15/2020 09:54:58,62,1,6,OPEN
1044,7121,07/15/2020 10:43:23,68,60,1,0,07/15/2020 10:43:25,26286287,7808,0,0,63,07/15/2020 07:58:17,64,1,6,OPEN
1045,7122,07/15/2020 10:43:23,67,60,1,1,07/15/2020 10:43:25,26286287,7808,0,0,63,07/15/2020 10:37:25,63,1,6,OPEN
746,7201,07/15/2020 10:43:23,67,62,1,0,07/15/2020 10:43:25,26286287,7808,0,0,63,07/15/2020 07:58:17,64,1,9,OPEN
747,7202,07/15/2020 10:43:23,66,61,1,1,07/15/2020 10:43:25,26286287,7808,0,0,63,07/15/2020 08:58:05,63,1,6,OPEN
400,7488,07/15/2020 10:43:22,66,61,1,1,07/15/2020 10:43:25,26286288,7413,0,0,62,07/15/2020 09:57:24,63,1,9,OPEN
401,7487,07/15/2020 10:43:22,68,62,1,0,07/15/2020 10:43:25,26286288,7413,0,0,64,07/15/2020 07:57:03,64,1,6,OPEN
419,7413,07/15/2020 10:43:22,69,63,1,0,07/15/2020 10:43:25,26286288,7413,0,0,65,07/15/2020 07:59:35,65,1,9,OPEN
420,7414,07/15/2020 10:43:22,68,60,1,1,07/15/2020 10:43:25,26286288,7413,0,0,63,07/15/2020 09:57:24,64,1,6,OPEN
922,7672,07/15/2020 10:43:22,68,60,1,1,07/15/2020 10:43:25,26286288,7413,0,0,62,07/15/2020 08:03:51,63,1,15,OPEN
923,7671,07/15/2020 10:43:22,67,62,1,0,07/15/2020 10:43:25,26286288,7413,0,0,64,07/15/2020 09:00:14,65,1,3,OPEN
3618,7657,07/15/2020 10:43:22,67,62,1,0,07/15/2020 10:43:25,26286288,7413,0,0,63,07/15/2020 08:38:17,63,1,9,OPEN
3619,7658,07/15/2020 10:43:22,67,60,1,1,07/15/2020 10:43:25,26286288,7413,0,0,63,07/15/2020 10:09:19,64,1,6,OPEN
4188,7631,07/15/2020 10:43:22,67,61,1,0,07/15/2020 10:43:25,26286288,7413,0,0,64,07/15/2020 09:57:24,64,1,3,OPEN
4189,7632,07/15/2020 10:43:22,68,61,1,1,07/15/2020 10:43:25,26286288,7413,0,0,64,07/15/2020 08:56:54,64,1,6,OPEN
556,7160,07/15/2020 10:43:22,65,59,1,1,07/15/2020 10:43:25,26286290,7352,0,0,62,07/15/2020 09:49:23,62,1,3,OPEN
440,7491,07/15/2020 10:43:22,67,61,1,0,07/15/2020 10:43:25,26286290,7352,0,0,63,07/15/2020 07:52:43,64,1,9,OPEN
441,7492,07/15/2020 10:43:22,65,58,1,1,07/15/2020 10:43:26,26286290,7352,0,0,61,07/15/2020 10:33:58,62,1,3,OPEN
221,7825,07/15/2020 10:43:22,68,62,1,0,07/15/2020 10:43:26,26286290,7352,0,0,65,07/15/2020 10:00:58,65,1,3,OPEN
317,7506,07/15/2020 10:43:22,66,59,1,1,07/15/2020 10:43:25,26286290,7352,0,0,62,07/15/2020 09:58:23,63,1,3,OPEN
318,7505,07/15/2020 10:43:22,66,61,1,0,07/15/2020 10:43:25,26286290,7352,0,0,63,07/15/2020 08:11:45,64,1,3,OPEN
1689,7351,07/15/2020 10:43:22,67,60,1,0,07/15/2020 10:43:25,26286290,7352,0,0,63,07/15/2020 09:32:38,64,1,3,OPEN
1690,7352,07/15/2020 10:43:22,66,60,1,1,07/15/2020 10:43:25,26286290,7352,0,0,63,07/15/2020 09:58:58,63,1,3,OPEN
339,7113,07/15/2020 10:43:22,68,61,1,0,07/15/2020 10:43:26,26286290,7352,0,0,64,07/15/2020 08:13:23,64,1,3,OPEN
557,7159,07/15/2020 10:43:22,67,61,1,0,07/15/2020 10:43:25,26286290,7352,0,0,64,07/15/2020 08:54:43,64,0,0,OPEN
222,7826,07/15/2020 10:43:22,68,59,1,1,07/15/2020 10:43:26,26286290,7352,0,0,63,07/15/2020 09:32:18,64,1,6,OPEN
340,7114,07/15/2020 10:43:22,65,59,1,1,07/15/2020 10:43:26,26286290,7352,0,0,62,07/15/2020 07:59:23,62,1,3,OPEN
176,7395,07/15/2020 10:43:22,67,61,1,0,07/15/2020 10:43:26,26286291,7172,LBH,113,64,07/15/2020 09:55:45,64,1,3,OPEN
177,7396,07/15/2020 10:43:22,68,58,1,1,07/15/2020 10:43:26,26286291,7172,LBH,113,62,07/15/2020 09:59:13,62,1,6,OPEN
867,7104,07/15/2020 10:43:22,65,58,1,1,07/15/2020 10:43:25,26286291,7172,LBH,113,62,07/15/2020 10:10:05,62,0,0,OPEN
868,7103,07/15/2020 10:43:22,66,63,1,0,07/15/2020 10:43:25,26286291,7172,LBH,113,64,07/15/2020 08:50:25,64,1,3,OPEN
23,7172,07/15/2020 10:43:22,65,59,1,1,07/15/2020 10:43:26,26286291,7172,LBH,113,62,07/15/2020 09:48:45,62,1,3,OPEN
22,7171,07/15/2020 10:43:22,66,61,1,0,07/15/2020 10:43:26,26286291,7172,LBH,113,63,07/15/2020 09:37:05,63,1,6,OPEN
3359,7662,07/15/2020 10:43:22,68,59,1,1,07/15/2020 10:43:26,26286291,7172,LBH,113,63,07/15/2020 09:14:05,63,1,6,OPEN
3360,7661,07/15/2020 10:43:22,67,60,1,0,07/15/2020 10:43:26,26286291,7172,LBH,113,64,07/15/2020 10:07:04,64,0,0,OPEN
1054,7163,07/15/2020 10:43:23,66,62,1,0,07/15/2020 10:43:26,26286292,7164,0,0,63,07/15/2020 10:18:14,63,1,9,OPEN
1055,7164,07/15/2020 10:43:23,66,58,1,1,07/15/2020 10:43:26,26286292,7164,0,0,61,07/15/2020 09:56:39,61,1,6,OPEN
15245,7183,07/15/2020 10:43:23,68,62,1,0,07/15/2020 10:43:26,26286292,7164,0,0,64,07/15/2020 09:48:45,64,1,9,OPEN
15246,7184,07/15/2020 10:43:23,68,60,1,1,07/15/2020 10:43:26,26286292,7164,0,0,63,07/15/2020 10:03:05,63,1,9,OPEN
716,7535,07/15/2020 10:43:23,67,60,1,0,07/15/2020 10:43:26,26286292,7164,0,0,63,07/15/2020 09:42:28,64,1,3,OPEN
717,7536,07/15/2020 10:43:23,67,60,1,1,07/15/2020 10:43:26,26286292,7164,0,0,62,07/15/2020 09:18:59,62,1,9,OPEN
186,7358,07/15/2020 10:43:22,65,60,1,1,07/15/2020 10:43:26,26286293,7358,JAM,102,62,07/15/2020 09:39:25,62,1,6,OPEN
187,7357,07/15/2020 10:43:22,67,61,1,0,07/15/2020 10:43:26,26286293,7358,JAM,102,63,07/15/2020 10:37:06,64,1,6,OPEN
199,7726,07/15/2020 10:43:22,66,59,1,1,07/15/2020 10:43:26,26286293,7358,JAM,102,62,07/15/2020 09:57:46,63,1,3,OPEN
83,7636,07/15/2020 10:43:22,65,58,1,1,07/15/2020 10:43:26,26286293,7358,JAM,102,62,07/15/2020 08:25:25,62,0,0,OPEN
198,7725,07/15/2020 10:43:22,70,62,1,0,07/15/2020 10:43:26,26286293,7358,JAM,102,65,07/15/2020 09:24:25,65,1,6,OPEN
82,7635,07/15/2020 10:43:22,68,61,1,0,07/15/2020 10:43:26,26286293,7358,JAM,102,64,07/15/2020 09:30:45,64,1,6,OPEN
3766,7462,07/15/2020 10:43:22,66,60,1,1,07/15/2020 10:43:26,26286293,7358,JAM,102,63,07/15/2020 09:46:25,63,1,3,OPEN
3767,7461,07/15/2020 10:43:22,70,60,1,0,07/15/2020 10:43:26,26286293,7358,JAM,102,65,07/15/2020 10:13:46,65,1,3,OPEN
584,7173,07/15/2020 10:43:22,68,62,1,0,07/15/2020 10:43:26,26286296,7406,HEM,84,65,07/15/2020 07:52:36,65,1,3,OPEN
585,7174,07/15/2020 10:43:22,64,59,1,1,07/15/2020 10:43:26,26286296,7406,HEM,84,62,07/15/2020 09:00:57,62,0,0,OPEN
587,7346,07/15/2020 10:43:22,67,59,1,1,07/15/2020 10:43:26,26286296,7406,HEM,84,62,07/15/2020 08:22:17,63,1,9,OPEN
80,7405,07/15/2020 10:43:22,67,60,1,0,07/15/2020 10:43:26,26286296,7406,HEM,84,63,07/15/2020 09:06:36,63,1,6,OPEN
81,7406,07/15/2020 10:43:22,66,59,1,1,07/15/2020 10:43:26,26286296,7406,HEM,84,62,07/15/2020 10:21:24,62,1,3,OPEN
990,7341,07/15/2020 10:43:22,67,61,1,0,07/15/2020 10:43:26,26286296,7406,HEM,84,63,07/15/2020 08:53:37,64,1,6,OPEN
991,7342,07/15/2020 10:43:22,64,59,1,1,07/15/2020 10:43:26,26286296,7406,HEM,84,61,07/15/2020 08:55:17,62,1,3,OPEN
586,7345,07/15/2020 10:43:22,67,61,1,0,07/15/2020 10:43:26,26286296,7406,HEM,84,64,07/15/2020 07:53:16,64,1,3,OPEN
429,7483,07/15/2020 10:43:23,66,59,1,0,07/15/2020 10:43:26,26286298,7574,PWS,171,63,07/15/2020 10:08:05,63,0,0,OPEN
430,7484,07/15/2020 10:43:23,66,58,1,1,07/15/2020 10:43:26,26286298,7574,PWS,171,62,07/15/2020 10:11:38,62,1,3,OPEN
3343,7507,07/15/2020 10:43:23,67,63,1,0,07/15/2020 10:43:26,26286298,7574,PWS,171,65,07/15/2020 09:49:38,65,1,3,OPEN
997,7568,07/15/2020 10:43:23,64,60,1,1,07/15/2020 10:43:26,26286298,7574,PWS,171,62,07/15/2020 08:33:25,62,0,0,OPEN
998,7567,07/15/2020 10:43:23,68,61,0,0,07/15/2020 10:43:26,26286298,7574,PWS,171,64,07/15/2020 10:22:38,64,1,6,CLOSED
2420,7708,07/15/2020 10:43:23,68,58,1,1,07/15/2020 10:43:26,26286298,7574,PWS,171,62,07/15/2020 10:10:25,63,1,9,OPEN
2421,7707,07/15/2020 10:43:23,68,60,1,0,07/15/2020 10:43:26,26286298,7574,PWS,171,63,07/15/2020 10:08:58,64,1,6,OPEN
3342,7508,07/15/2020 10:43:23,65,60,1,1,07/15/2020 10:43:26,26286298,7574,PWS,171,62,07/15/2020 10:04:25,62,1,6,OPEN
3355,7574,07/15/2020 10:43:23,65,59,1,1,07/15/2020 10:43:26,26286298,7574,PWS,171,62,07/15/2020 09:59:46,62,0,0,OPEN
3356,7573,07/15/2020 10:43:23,67,61,1,0,07/15/2020 10:43:26,26286298,7574,PWS,171,63,07/15/2020 10:18:18,64,1,6,OPEN
3357,7176,07/15/2020 10:43:23,65,60,1,1,07/15/2020 10:43:26,26286298,7574,PWS,171,62,07/15/2020 09:25:53,62,1,6,OPEN
3358,7175,07/15/2020 10:43:23,67,62,1,0,07/15/2020 10:43:26,26286298,7574,PWS,171,63,07/15/2020 09:24:38,64,1,12,OPEN
724,7723,07/15/2020 10:43:23,68,63,1,0,07/15/2020 10:43:26,26286300,7060,0,0,65,07/15/2020 08:59:26,66,1,6,OPEN
725,7724,07/15/2020 10:43:23,65,61,1,1,07/15/2020 10:43:26,26286300,7060,0,0,62,07/15/2020 09:53:34,63,1,6,OPEN
10943,7476,07/15/2020 10:43:23,67,59,1,1,07/15/2020 10:43:26,26286300,7060,0,0,62,07/15/2020 09:00:06,62,1,6,OPEN
10944,7475,07/15/2020 10:43:23,68,62,1,0,07/15/2020 10:43:26,26286300,7060,0,0,65,07/15/2020 10:42:35,65,1,3,OPEN
477,7771,07/15/2020 10:43:23,71,62,1,0,07/15/2020 10:43:26,26286300,7060,0,0,66,07/15/2020 10:26:55,66,1,3,OPEN
478,7772,07/15/2020 10:43:23,66,62,1,1,07/15/2020 10:43:26,26286300,7060,0,0,64,07/15/2020 09:55:14,64,1,3,OPEN
499,7333,07/15/2020 10:43:23,68,61,1,0,07/15/2020 10:43:26,26286300,7060,0,0,64,07/15/2020 09:17:34,64,1,3,OPEN
500,7334,07/15/2020 10:43:23,65,59,1,1,07/15/2020 10:43:26,26286300,7060,0,0,62,07/15/2020 08:20:54,62,0,0,OPEN
914,7060,07/15/2020 10:43:23,68,58,1,1,07/15/2020 10:43:26,26286300,7060,0,0,63,07/15/2020 10:27:55,63,1,3,OPEN
915,7059,07/15/2020 10:43:23,65,63,1,0,07/15/2020 10:43:26,26286300,7060,0,0,64,07/15/2020 09:15:54,64,1,3,OPEN
2008,7215,07/15/2020 10:43:23,65,60,1,0,07/15/2020 10:43:26,26286300,7060,0,0,63,07/15/2020 09:14:14,63,0,0,OPEN
2009,7216,07/15/2020 10:43:23,65,59,1,1,07/15/2020 10:43:26,26286300,7060,0,0,62,07/15/2020 09:28:34,62,0,0,OPEN
138,7617,07/15/2020 10:43:22,66,61,1,0,07/15/2020 10:43:26,26286301,7704,BTA,27,63,07/15/2020 09:44:02,64,1,3,OPEN
139,7618,07/15/2020 10:43:22,65,59,1,1,07/15/2020 10:43:26,26286301,7704,BTA,27,62,07/15/2020 09:41:10,62,1,3,OPEN
208,7272,07/15/2020 10:43:22,66,59,1,1,07/15/2020 10:43:26,26286301,7704,BTA,27,61,07/15/2020 09:41:10,62,1,9,OPEN
1048,7819,07/15/2020 10:43:22,67,62,1,0,07/15/2020 10:43:26,26286301,7704,BTA,27,64,07/15/2020 09:59:27,64,1,3,OPEN
1049,7820,07/15/2020 10:43:22,67,60,1,1,07/15/2020 10:43:26,26286301,7704,BTA,27,63,07/15/2020 09:52:03,63,1,6,OPEN
381,7704,07/15/2020 10:43:22,65,59,1,1,07/15/2020 10:43:26,26286301,7704,BTA,27,62,07/15/2020 09:57:50,62,0,0,OPEN
382,7703,07/15/2020 10:43:22,67,60,1,0,07/15/2020 10:43:26,26286301,7704,BTA,27,64,07/15/2020 10:19:01,64,0,0,OPEN
209,7271,07/15/2020 10:43:22,67,60,1,0,07/15/2020 10:43:26,26286301,7704,BTA,27,63,07/15/2020 10:39:46,64,1,3,OPEN
132,7197,07/15/2020 10:43:24,67,61,1,0,07/15/2020 10:43:26,26286303,7538,0,0,64,07/15/2020 10:03:26,64,1,3,OPEN
133,7198,07/15/2020 10:43:24,71,58,1,1,07/15/2020 10:43:26,26286303,7538,0,0,64,07/15/2020 07:59:19,65,1,3,OPEN
571,7010,07/15/2020 10:43:24,67,60,1,1,07/15/2020 10:43:26,26286303,7538,0,0,63,07/15/2020 10:43:26,68,1,3,OPEN
572,7009,07/15/2020 10:43:24,69,61,1,0,07/15/2020 10:43:26,26286303,7538,0,0,65,07/15/2020 10:14:19,65,1,3,OPEN
573,7716,07/15/2020 10:43:24,67,59,1,1,07/15/2020 10:43:26,26286303,7538,0,0,62,07/15/2020 08:02:06,63,1,6,OPEN
574,7715,07/15/2020 10:43:24,68,60,1,0,07/15/2020 10:43:26,26286303,7538,0,0,64,07/15/2020 10:08:39,64,1,3,OPEN
672616,7259,07/15/2020 10:43:24,69,62,1,0,07/15/2020 10:43:26,26286303,7538,0,0,65,07/15/2020 10:17:59,65,1,3,OPEN
672617,7260,07/15/2020 10:43:24,66,58,1,1,07/15/2020 10:43:26,26286303,7538,0,0,62,07/15/2020 10:36:46,62,1,3,OPEN
3307,7579,07/15/2020 10:43:24,68,60,1,0,07/15/2020 10:43:26,26286303,7538,0,0,64,07/15/2020 08:39:19,64,1,3,OPEN
3308,7580,07/15/2020 10:43:24,66,58,1,1,07/15/2020 10:43:26,26286303,7538,0,0,62,07/15/2020 10:16:39,62,1,3,OPEN
463,7537,07/15/2020 10:43:24,68,62,1,0,07/15/2020 10:43:26,26286303,7538,0,0,64,07/15/2020 10:05:19,65,1,6,OPEN
464,7538,07/15/2020 10:43:24,65,60,1,1,07/15/2020 10:43:26,26286303,7538,0,0,62,07/15/2020 09:38:46,63,1,6,OPEN
271,7117,07/15/2020 10:43:23,67,61,1,0,07/15/2020 10:43:26,26286304,7120,WSY,234,64,07/15/2020 09:07:32,64,0,0,OPEN
272,7118,07/15/2020 10:43:23,65,59,1,1,07/15/2020 10:43:26,26286304,7120,WSY,234,62,07/15/2020 10:07:12,62,0,0,OPEN
277,7369,07/15/2020 10:43:23,68,62,1,0,07/15/2020 10:43:26,26286304,7120,WSY,234,65,07/15/2020 09:50:52,65,1,3,OPEN
278,7370,07/15/2020 10:43:23,67,58,1,1,07/15/2020 10:43:26,26286304,7120,WSY,234,62,07/15/2020 10:22:52,62,1,6,OPEN
279,7421,07/15/2020 10:43:23,68,61,1,0,07/15/2020 10:43:26,26286304,7120,WSY,234,64,07/15/2020 10:00:12,65,1,3,OPEN
280,7422,07/15/2020 10:43:23,67,59,1,1,07/15/2020 10:43:26,26286304,7120,WSY,234,63,07/15/2020 08:35:52,63,1,3,OPEN
321,7094,07/15/2020 10:43:23,66,59,1,1,07/15/2020 10:43:26,26286304,7120,WSY,234,62,07/15/2020 08:37:46,62,1,3,OPEN
322,7093,07/15/2020 10:43:23,68,60,1,0,07/15/2020 10:43:26,26286304,7120,WSY,234,63,07/15/2020 08:40:46,64,1,6,OPEN
108,7119,07/15/2020 10:43:23,68,60,1,0,07/15/2020 10:43:26,26286304,7120,WSY,234,63,07/15/2020 08:28:46,63,1,9,OPEN
109,7120,07/15/2020 10:43:23,67,58,1,1,07/15/2020 10:43:26,26286304,7120,WSY,234,63,07/15/2020 08:29:26,63,0,0,OPEN
2004,7269,07/15/2020 10:43:23,68,61,1,0,07/15/2020 10:43:26,26286304,7120,WSY,234,64,07/15/2020 08:02:26,64,1,3,OPEN
2005,7270,07/15/2020 10:43:23,65,58,1,1,07/15/2020 10:43:26,26286304,7120,WSY,234,62,07/15/2020 10:14:26,62,0,0,OPEN
165,7266,07/15/2020 10:43:23,64,60,1,1,07/15/2020 10:43:27,26286305,7438,JAM,102,62,07/15/2020 09:53:26,62,1,3,OPEN
166,7265,07/15/2020 10:43:23,68,60,1,0,07/15/2020 10:43:27,26286305,7438,JAM,102,64,07/15/2020 07:58:06,64,1,3,OPEN
24,7189,07/15/2020 10:43:23,68,61,1,0,07/15/2020 10:43:27,26286305,7438,JAM,102,64,07/15/2020 08:01:46,64,1,6,OPEN
25,7190,07/15/2020 10:43:23,63,59,1,1,07/15/2020 10:43:27,26286305,7438,JAM,102,61,07/15/2020 08:41:19,61,0,0,OPEN
1325,7438,07/15/2020 10:43:23,65,60,1,1,07/15/2020 10:43:27,26286305,7438,JAM,102,62,07/15/2020 10:00:46,62,1,3,OPEN
1326,7437,07/15/2020 10:43:23,70,61,1,0,07/15/2020 10:43:27,26286305,7438,JAM,102,65,07/15/2020 09:43:06,65,1,6,OPEN
503,7273,07/15/2020 10:43:23,66,61,1,0,07/15/2020 10:43:27,26286305,7438,JAM,102,63,07/15/2020 09:32:26,63,1,6,OPEN
504,7274,07/15/2020 10:43:23,65,58,1,1,07/15/2020 10:43:27,26286305,7438,JAM,102,62,07/15/2020 08:22:26,62,0,0,OPEN
85,7720,07/15/2020 10:43:24,67,58,1,1,07/15/2020 10:43:27,26286307,7720,LBH,113,62,07/15/2020 08:22:45,62,1,6,OPEN
157,7132,07/15/2020 10:43:24,66,59,1,1,07/15/2020 10:43:27,26286307,7720,LBH,113,62,07/15/2020 07:49:04,62,1,3,OPEN
206,7238,07/15/2020 10:43:24,67,60,1,1,07/15/2020 10:43:27,26286307,7720,LBH,113,63,07/15/2020 10:02:16,64,1,6,OPEN
207,7237,07/15/2020 10:43:24,65,61,1,0,07/15/2020 10:43:27,26286307,7720,LBH,113,63,07/15/2020 08:13:32,63,1,3,OPEN
84,7719,07/15/2020 10:43:24,68,60,1,0,07/15/2020 10:43:27,26286307,7720,LBH,113,64,07/15/2020 09:32:47,64,1,3,OPEN
449,7710,07/15/2020 10:43:24,65,59,1,1,07/15/2020 10:43:27,26286307,7720,LBH,113,62,07/15/2020 10:36:25,62,0,0,OPEN
158,7131,07/15/2020 10:43:24,68,60,1,0,07/15/2020 10:43:27,26286307,7720,LBH,113,64,07/15/2020 08:10:24,64,1,3,OPEN
520,7133,07/15/2020 10:43:24,67,61,1,0,07/15/2020 10:43:27,26286307,7720,LBH,113,64,07/15/2020 08:35:56,64,1,3,OPEN
521,7134,07/15/2020 10:43:24,65,60,1,1,07/15/2020 10:43:27,26286307,7720,LBH,113,62,07/15/2020 10:01:26,62,1,6,OPEN
775,7767,07/15/2020 10:43:24,68,61,1,0,07/15/2020 10:43:27,26286307,7720,LBH,113,64,07/15/2020 08:22:26,64,1,3,OPEN
776,7768,07/15/2020 10:43:24,65,59,1,1,07/15/2020 10:43:27,26286307,7720,LBH,113,62,07/15/2020 09:28:16,62,1,3,OPEN
450,7709,07/15/2020 10:43:24,67,60,1,0,07/15/2020 10:43:27,26286307,7720,LBH,113,63,07/15/2020 08:13:52,63,1,3,OPEN
148,7619,07/15/2020 10:43:24,70,62,1,0,07/15/2020 10:43:27,26286309,7656,0,0,64,07/15/2020 09:47:05,64,1,15,OPEN
149,7620,07/15/2020 10:43:24,68,60,1,1,07/15/2020 10:43:27,26286309,7656,0,0,63,07/15/2020 10:04:06,63,1,9,OPEN
191,7668,07/15/2020 10:43:24,69,60,1,1,07/15/2020 10:43:27,26286309,7656,0,0,63,07/15/2020 09:31:45,63,1,12,OPEN
564,7597,07/15/2020 10:43:24,70,63,1,0,07/15/2020 10:43:27,26286309,7656,0,0,66,07/15/2020 10:33:46,67,1,6,OPEN
2414,7606,07/15/2020 10:43:24,68,59,1,1,07/15/2020 10:43:27,26286309,7656,0,0,63,07/15/2020 08:02:45,63,1,6,OPEN
2415,7605,07/15/2020 10:43:24,69,61,1,0,07/15/2020 10:43:27,26286309,7656,0,0,64,07/15/2020 09:13:25,64,1,9,OPEN
2416,7656,07/15/2020 10:43:24,65,61,1,1,07/15/2020 10:43:27,26286309,7656,0,0,62,07/15/2020 08:12:05,62,1,6,OPEN
2417,7655,07/15/2020 10:43:24,68,61,1,0,07/15/2020 10:43:27,26286309,7656,0,0,63,07/15/2020 09:05:45,63,1,12,OPEN
565,7598,07/15/2020 10:43:24,65,60,1,1,07/15/2020 10:43:27,26286309,7656,0,0,62,07/15/2020 09:18:07,62,1,6,OPEN
190,7667,07/15/2020 10:43:24,68,63,1,0,07/15/2020 10:43:27,26286309,7656,0,0,64,07/15/2020 09:24:05,64,1,12,OPEN
219,7559,07/15/2020 10:43:24,67,62,1,0,07/15/2020 10:43:27,26286309,7656,0,0,63,07/15/2020 10:19:46,64,1,9,OPEN
220,7560,07/15/2020 10:43:24,66,61,1,1,07/15/2020 10:43:27,26286309,7656,0,0,62,07/15/2020 08:36:45,62,1,12,OPEN
269,7233,07/15/2020 10:43:24,68,61,1,0,07/15/2020 10:43:27,26286311,7234,BYD,30,64,07/15/2020 09:59:07,64,1,6,OPEN
270,7234,07/15/2020 10:43:24,64,60,1,1,07/15/2020 10:43:27,26286311,7234,BYD,30,62,07/15/2020 08:34:07,62,1,3,OPEN
154,7743,07/15/2020 10:43:24,67,60,1,0,07/15/2020 10:43:27,26286311,7234,BYD,30,63,07/15/2020 09:01:57,64,1,6,OPEN
155,7744,07/15/2020 10:43:24,66,60,1,1,07/15/2020 10:43:27,26286311,7234,BYD,30,63,07/15/2020 08:37:27,63,1,3,OPEN
194,7543,07/15/2020 10:43:24,68,61,1,0,07/15/2020 10:43:27,26286311,7234,BYD,30,63,07/15/2020 08:05:36,63,1,9,OPEN
195,7544,07/15/2020 10:43:24,65,60,1,1,07/15/2020 10:43:27,26286311,7234,BYD,30,62,07/15/2020 08:41:07,62,1,6,OPEN
202,7644,07/15/2020 10:43:24,68,58,1,1,07/15/2020 10:43:27,26286311,7234,BYD,30,61,07/15/2020 08:49:57,61,1,12,OPEN
203,7643,07/15/2020 10:43:24,67,61,1,0,07/15/2020 10:43:27,26286311,7234,BYD,30,63,07/15/2020 08:41:27,63,1,6,OPEN
1695,7761,07/15/2020 10:43:24,66,63,1,0,07/15/2020 10:43:27,26286311,7234,BYD,30,64,07/15/2020 09:39:27,64,1,6,OPEN
1696,7762,07/15/2020 10:43:24,66,61,1,1,07/15/2020 10:43:27,26286311,7234,BYD,30,63,07/15/2020 10:11:27,63,1,6,OPEN
358,7368,07/15/2020 10:43:24,67,59,1,1,07/15/2020 10:43:27,26286311,7234,BYD,30,62,07/15/2020 08:58:57,63,1,9,OPEN
359,7367,07/15/2020 10:43:24,67,61,1,0,07/15/2020 10:43:27,26286311,7234,BYD,30,63,07/15/2020 08:58:57,64,1,6,OPEN
89,7547,07/15/2020 10:43:24,67,62,1,0,07/15/2020 10:43:27,26286312,7548,0,0,64,07/15/2020 08:29:27,64,1,3,OPEN
90,7548,07/15/2020 10:43:24,68,60,1,1,07/15/2020 10:43:27,26286312,7548,0,0,64,07/15/2020 10:22:25,64,1,3,OPEN
314,7397,07/15/2020 10:43:24,69,62,0,0,07/15/2020 10:43:28,26286314,7398,0,0,64,07/15/2020 10:05:01,65,1,9,CLOSED
315,7398,07/15/2020 10:43:24,66,60,1,1,07/15/2020 10:43:28,26286314,7398,0,0,62,07/15/2020 09:28:41,62,1,6,OPEN
644,7474,07/15/2020 10:43:24,64,58,1,1,07/15/2020 10:43:28,26286314,7398,0,0,61,07/15/2020 09:56:41,61,1,3,OPEN
645,7473,07/15/2020 10:43:24,68,61,1,0,07/15/2020 10:43:28,26286314,7398,0,0,64,07/15/2020 07:46:21,64,1,6,OPEN
241,7602,07/15/2020 10:43:24,67,60,1,1,07/15/2020 10:43:28,26286314,7398,0,0,63,07/15/2020 10:21:01,63,1,6,OPEN
242,7601,07/15/2020 10:43:24,67,61,1,0,07/15/2020 10:43:28,26286314,7398,0,0,64,07/15/2020 10:09:31,64,1,3,OPEN
265,7195,07/15/2020 10:43:25,67,61,1,0,07/15/2020 10:43:28,26286315,7212,WSY,234,63,07/15/2020 08:04:47,64,1,6,OPEN
256,7140,07/15/2020 10:43:25,66,60,1,1,07/15/2020 10:43:28,26286315,7212,WSY,234,63,07/15/2020 09:54:48,63,1,3,OPEN
257,7139,07/15/2020 10:43:25,69,61,1,0,07/15/2020 10:43:28,26286315,7212,WSY,234,65,07/15/2020 07:52:27,65,1,3,OPEN
258,7600,07/15/2020 10:43:25,64,60,1,1,07/15/2020 10:43:28,26286315,7212,WSY,234,61,07/15/2020 08:03:08,62,1,6,OPEN
259,7599,07/15/2020 10:43:25,67,62,1,0,07/15/2020 10:43:28,26286315,7212,WSY,234,64,07/15/2020 09:08:27,65,1,6,OPEN
260,7464,07/15/2020 10:43:25,66,59,1,1,07/15/2020 10:43:28,26286315,7212,WSY,234,62,07/15/2020 09:11:27,62,1,3,OPEN
261,7463,07/15/2020 10:43:25,67,59,1,0,07/15/2020 10:43:28,26286315,7212,WSY,234,63,07/15/2020 10:01:27,63,0,0,OPEN
262,7212,07/15/2020 10:43:25,66,61,1,1,07/15/2020 10:43:28,26286315,7212,WSY,234,63,07/15/2020 08:06:08,63,1,3,OPEN
263,7211,07/15/2020 10:43:25,68,60,1,0,07/15/2020 10:43:28,26286315,7212,WSY,234,64,07/15/2020 09:36:27,64,0,0,OPEN
264,7196,07/15/2020 10:43:25,65,59,1,1,07/15/2020 10:43:28,26286315,7212,WSY,234,62,07/15/2020 08:04:47,62,1,3,OPEN
299,7305,07/15/2020 10:43:25,68,62,1,0,07/15/2020 10:43:28,26286316,7378,0,0,64,07/15/2020 10:26:57,64,1,6,OPEN
302,7326,07/15/2020 10:43:25,65,60,1,1,07/15/2020 10:43:28,26286316,7378,0,0,62,07/15/2020 09:44:47,62,1,3,OPEN
4018,7378,07/15/2020 10:43:25,66,59,1,1,07/15/2020 10:43:28,26286316,7378,0,0,61,07/15/2020 08:59:36,61,1,9,OPEN
4019,7377,07/15/2020 10:43:25,67,61,1,0,07/15/2020 10:43:28,26286316,7378,0,0,64,07/15/2020 10:42:17,64,1,3,OPEN
303,7225,07/15/2020 10:43:25,66,61,1,0,07/15/2020 10:43:28,26286316,7378,0,0,64,07/15/2020 10:38:37,64,0,0,OPEN
300,7306,07/15/2020 10:43:25,67,57,1,1,07/15/2020 10:43:28,26286316,7378,0,0,62,07/15/2020 08:32:37,62,0,0,OPEN
301,7325,07/15/2020 10:43:25,68,60,1,0,07/15/2020 10:43:28,26286316,7378,0,0,64,07/15/2020 10:42:07,64,1,3,OPEN
304,7226,07/15/2020 10:43:25,66,59,1,1,07/15/2020 10:43:28,26286316,7378,0,0,62,07/15/2020 10:42:07,63,1,3,OPEN
633,7227,07/15/2020 10:43:24,70,63,1,0,07/15/2020 10:43:28,26286318,7244,JAM,102,64,07/15/2020 09:05:36,64,1,15,OPEN
634,7228,07/15/2020 10:43:24,68,61,1,1,07/15/2020 10:43:28,26286318,7244,JAM,102,62,07/15/2020 10:17:28,63,1,18,OPEN
635,7077,07/15/2020 10:43:24,68,63,1,0,07/15/2020 10:43:28,26286318,7244,JAM,102,64,07/15/2020 09:05:22,64,1,9,OPEN
636,7078,07/15/2020 10:43:24,68,61,1,1,07/15/2020 10:43:28,26286318,7244,JAM,102,61,07/15/2020 10:26:05,63,1,21,OPEN
637,7243,07/15/2020 10:43:24,68,62,1,0,07/15/2020 10:43:28,26286318,7244,JAM,102,64,07/15/2020 10:05:48,65,1,6,OPEN
638,7244,07/15/2020 10:43:24,65,60,1,1,07/15/2020 10:43:28,26286318,7244,JAM,102,62,07/15/2020 08:21:01,62,1,6,OPEN
243,7770,07/15/2020 10:43:24,69,60,1,1,07/15/2020 10:43:28,26286318,7244,JAM,102,63,07/15/2020 08:22:01,63,1,9,OPEN
244,7769,07/15/2020 10:43:24,69,63,1,0,07/15/2020 10:43:28,26286318,7244,JAM,102,64,07/15/2020 09:08:27,64,1,12,OPEN
26,7835,07/15/2020 10:43:24,69,62,1,0,07/15/2020 10:43:28,26286319,7774,FPT-W,"20,064",64,07/15/2020 08:50:51,64,1,12,OPEN
27,7836,07/15/2020 10:43:24,68,60,1,1,07/15/2020 10:43:28,26286319,7774,FPT-W,"20,064",62,07/15/2020 08:49:46,62,1,15,OPEN
41,7773,07/15/2020 10:43:24,70,62,1,0,07/15/2020 10:43:28,26286319,7774,FPT-W,"20,064",65,07/15/2020 08:53:46,65,1,9,OPEN
42,7774,07/15/2020 10:43:24,69,60,1,1,07/15/2020 10:43:28,26286319,7774,FPT-W,"20,064",64,07/15/2020 08:43:32,64,1,6,OPEN
122,7336,07/15/2020 10:43:24,69,61,1,1,07/15/2020 10:43:28,26286319,7774,FPT-W,"20,064",63,07/15/2020 09:07:32,63,1,15,OPEN
140,7569,07/15/2020 10:43:24,68,62,1,0,07/15/2020 10:43:28,26286319,7774,FPT-W,"20,064",64,07/15/2020 09:45:12,64,1,9,OPEN
141,7570,07/15/2020 10:43:24,68,60,1,1,07/15/2020 10:43:28,26286319,7774,FPT-W,"20,064",62,07/15/2020 08:53:52,62,1,15,OPEN
235,7186,07/15/2020 10:43:24,68,60,1,1,07/15/2020 10:43:28,26286319,7774,FPT-W,"20,064",63,07/15/2020 10:23:32,63,1,9,OPEN
236,7185,07/15/2020 10:43:24,68,63,1,0,07/15/2020 10:43:28,26286319,7774,FPT-W,"20,064",64,07/15/2020 08:09:11,64,1,9,OPEN
4397,7732,07/15/2020 10:43:24,67,60,1,1,07/15/2020 10:43:28,26286319,7774,FPT-W,"20,064",62,07/15/2020 08:28:51,63,1,9,OPEN
4401,7731,07/15/2020 10:43:24,69,62,1,0,07/15/2020 10:43:28,26286319,7774,FPT-W,"20,064",64,07/15/2020 09:49:12,65,1,9,OPEN
123,7335,07/15/2020 10:43:24,68,61,1,0,07/15/2020 10:43:28,26286319,7774,FPT-W,"20,064",63,07/15/2020 08:52:52,64,1,9,OPEN
661,7257,07/15/2020 10:43:25,67,62,1,0,07/15/2020 10:43:28,26286320,7056,0,0,64,07/15/2020 10:41:48,65,1,3,OPEN
385,7292,07/15/2020 10:43:25,67,59,1,1,07/15/2020 10:43:28,26286320,7056,0,0,62,07/15/2020 08:19:56,62,1,9,OPEN
386,7291,07/15/2020 10:43:25,68,60,1,0,07/15/2020 10:43:28,26286320,7056,0,0,64,07/15/2020 08:05:48,64,0,0,OPEN
536,7056,07/15/2020 10:43:25,64,59,1,1,07/15/2020 10:43:28,26286320,7056,0,0,61,07/15/2020 09:43:28,61,1,3,OPEN
3614,7549,07/15/2020 10:43:25,66,61,1,0,07/15/2020 10:43:28,26286320,7056,0,0,63,07/15/2020 08:24:48,63,1,3,OPEN
3615,7550,07/15/2020 10:43:25,66,59,1,1,07/15/2020 10:43:28,26286320,7056,0,0,62,07/15/2020 10:03:28,62,1,6,OPEN
535,7055,07/15/2020 10:43:25,66,61,1,0,07/15/2020 10:43:28,26286320,7056,0,0,63,07/15/2020 08:39:08,63,1,6,OPEN
662,7258,07/15/2020 10:43:25,67,59,1,1,07/15/2020 10:43:28,26286320,7056,0,0,62,07/15/2020 10:00:22,63,1,6,OPEN
679,7490,07/15/2020 10:43:25,67,58,1,1,07/15/2020 10:43:28,26286321,7490,0,0,62,07/15/2020 10:37:48,63,1,3,OPEN
696,7277,07/15/2020 10:43:25,67,60,1,0,07/15/2020 10:43:28,26286321,7490,0,0,63,07/15/2020 10:10:48,64,1,6,OPEN
697,7278,07/15/2020 10:43:25,66,59,1,1,07/15/2020 10:43:28,26286321,7490,0,0,62,07/15/2020 09:45:05,62,1,6,OPEN
144,7105,07/15/2020 10:43:25,68,65,1,0,07/15/2020 10:43:28,26286321,7490,0,0,66,07/15/2020 08:00:08,66,1,6,OPEN
145,7106,07/15/2020 10:43:25,65,59,1,1,07/15/2020 10:43:28,26286321,7490,0,0,62,07/15/2020 09:15:48,62,0,0,OPEN
518,7293,07/15/2020 10:43:25,66,59,1,0,07/15/2020 10:43:28,26286321,7490,0,0,63,07/15/2020 10:37:08,63,0,0,OPEN
519,7294,07/15/2020 10:43:25,65,60,1,1,07/15/2020 10:43:28,26286321,7490,0,0,62,07/15/2020 10:13:54,62,1,6,OPEN
786,7718,07/15/2020 10:43:25,65,59,1,1,07/15/2020 10:43:28,26286321,7490,0,0,62,07/15/2020 09:38:09,62,1,3,OPEN
787,7717,07/15/2020 10:43:25,68,62,1,0,07/15/2020 10:43:28,26286321,7490,0,0,64,07/15/2020 09:39:08,64,1,6,OPEN
678,7489,07/15/2020 10:43:25,68,59,1,0,07/15/2020 10:43:28,26286321,7490,0,0,63,07/15/2020 09:39:48,63,1,6,OPEN
351,7016,07/15/2020 10:43:25,65,58,1,1,07/15/2020 10:43:29,26286323,7016,0,0,61,07/15/2020 08:16:56,62,1,3,OPEN
352,7015,07/15/2020 10:43:25,68,61,1,0,07/15/2020 10:43:29,26286323,7016,0,0,65,07/15/2020 10:21:41,65,0,0,OPEN
353,7604,07/15/2020 10:43:25,65,59,1,1,07/15/2020 10:43:29,26286323,7016,0,0,61,07/15/2020 08:08:00,61,1,6,OPEN
354,7603,07/15/2020 10:43:25,67,60,1,0,07/15/2020 10:43:29,26286323,7016,0,0,63,07/15/2020 09:22:58,64,1,6,OPEN
356,7555,07/15/2020 10:43:25,67,61,1,0,07/15/2020 10:43:29,26286323,7016,0,0,63,07/15/2020 09:31:17,64,1,6,OPEN
486,7013,07/15/2020 10:43:25,67,61,1,0,07/15/2020 10:43:29,26286323,7016,0,0,64,07/15/2020 09:26:20,64,1,3,OPEN
818,7545,07/15/2020 10:43:25,67,61,1,0,07/15/2020 10:43:29,26286323,7016,0,0,63,07/15/2020 08:18:20,63,1,9,OPEN
819,7546,07/15/2020 10:43:25,65,59,1,1,07/15/2020 10:43:29,26286323,7016,0,0,62,07/15/2020 09:22:58,62,1,3,OPEN
10953,7530,07/15/2020 10:43:25,67,60,1,1,07/15/2020 10:43:29,26286323,7016,0,0,62,07/15/2020 09:55:21,64,1,9,OPEN
10955,7529,07/15/2020 10:43:25,65,61,1,0,07/15/2020 10:43:29,26286323,7016,0,0,63,07/15/2020 08:07:57,63,1,3,OPEN
485,7014,07/15/2020 10:43:25,65,59,1,1,07/15/2020 10:43:29,26286323,7016,0,0,62,07/15/2020 10:20:58,62,1,3,OPEN
355,7556,07/15/2020 10:43:25,66,60,1,1,07/15/2020 10:43:29,26286323,7016,0,0,63,07/15/2020 10:22:38,63,1,3,OPEN
568,7793,07/15/2020 10:43:26,69,60,1,0,07/15/2020 10:43:29,26286325,7066,0,0,64,07/15/2020 09:29:49,65,1,6,OPEN
569,7794,07/15/2020 10:43:26,65,59,1,1,07/15/2020 10:43:29,26286325,7066,0,0,62,07/15/2020 08:44:48,62,1,3,OPEN
627,7141,07/15/2020 10:43:26,69,62,1,0,07/15/2020 10:43:29,26286325,7066,0,0,65,07/15/2020 09:20:28,66,1,6,OPEN
628,7142,07/15/2020 10:43:26,67,60,1,1,07/15/2020 10:43:29,26286325,7066,0,0,63,07/15/2020 09:32:29,63,1,3,OPEN
136,7633,07/15/2020 10:43:26,69,59,1,0,07/15/2020 10:43:29,26286325,7066,0,0,63,07/15/2020 09:10:28,64,1,6,OPEN
137,7634,07/15/2020 10:43:26,66,60,1,1,07/15/2020 10:43:29,26286325,7066,0,0,62,07/15/2020 08:36:48,63,1,6,OPEN
228,7584,07/15/2020 10:43:26,65,60,1,1,07/15/2020 10:43:29,26286325,7066,0,0,62,07/15/2020 07:47:28,62,1,3,OPEN
229,7583,07/15/2020 10:43:26,68,61,1,0,07/15/2020 10:43:29,26286325,7066,0,0,64,07/15/2020 07:47:08,64,1,3,OPEN
822,7621,07/15/2020 10:43:26,69,62,1,0,07/15/2020 10:43:29,26286325,7066,0,0,65,07/15/2020 09:37:29,65,1,3,OPEN
823,7622,07/15/2020 10:43:26,65,61,1,1,07/15/2020 10:43:29,26286325,7066,0,0,63,07/15/2020 09:03:48,63,1,3,OPEN
21816,7065,07/15/2020 10:43:26,68,61,1,0,07/15/2020 10:43:29,26286325,7066,0,0,65,07/15/2020 07:43:48,65,0,0,OPEN
21817,7066,07/15/2020 10:43:26,65,60,1,1,07/15/2020 10:43:29,26286325,7066,0,0,62,07/15/2020 07:57:28,63,1,3,OPEN
72,7268,07/15/2020 10:43:26,65,59,1,1,07/15/2020 10:43:29,26286327,7268,0,0,62,07/15/2020 08:28:44,62,0,0,OPEN
71,7267,07/15/2020 10:43:26,67,60,1,0,07/15/2020 10:43:29,26286327,7268,0,0,64,07/15/2020 10:25:49,64,0,0,OPEN
777,7803,07/15/2020 10:43:25,70,62,1,0,07/15/2020 10:43:29,26286328,7518,NAV-W,"20,148",65,07/15/2020 09:11:49,66,1,6,OPEN
778,7804,07/15/2020 10:43:25,67,61,1,1,07/15/2020 10:43:29,26286328,7518,NAV-W,"20,148",62,07/15/2020 09:11:09,63,1,12,OPEN
3305,7401,07/15/2020 10:43:25,70,64,1,0,07/15/2020 10:43:29,26286328,7518,NAV-W,"20,148",65,07/15/2020 08:07:59,65,1,15,OPEN
3306,7402,07/15/2020 10:43:25,66,62,1,1,07/15/2020 10:43:29,26286328,7518,NAV-W,"20,148",61,07/15/2020 09:10:09,62,1,18,OPEN
3720,7517,07/15/2020 10:43:25,255,255,1,0,07/15/2020 10:43:29,26286328,7518,NAV-W,"20,148",64,07/15/2020 01:25:16,64,0,-1,OPEN
3721,7518,07/15/2020 10:43:25,68,62,1,1,07/15/2020 10:43:29,26286328,7518,NAV-W,"20,148",62,07/15/2020 08:28:35,62,1,18,OPEN
588,7359,07/15/2020 10:43:26,67,61,1,0,07/15/2020 10:43:29,26286329,7360,IWD-W,"20,101",63,07/15/2020 08:41:54,64,1,9,OPEN
824,7313,07/15/2020 10:43:26,69,61,1,0,07/15/2020 10:43:29,26286329,7360,IWD-W,"20,101",65,07/15/2020 08:54:54,65,1,3,OPEN
825,7314,07/15/2020 10:43:26,66,59,0,1,07/15/2020 10:43:29,26286329,7360,IWD-W,"20,101",61,07/15/2020 09:21:35,62,1,9,CLOSED
3722,7729,07/15/2020 10:43:26,68,61,1,0,07/15/2020 10:43:29,26286329,7360,IWD-W,"20,101",64,07/15/2020 09:39:35,64,1,6,OPEN
3723,7730,07/15/2020 10:43:26,66,60,1,1,07/15/2020 10:43:29,26286329,7360,IWD-W,"20,101",63,07/15/2020 10:37:35,63,1,3,OPEN
3724,7541,07/15/2020 10:43:26,67,62,1,0,07/15/2020 10:43:29,26286329,7360,IWD-W,"20,101",64,07/15/2020 09:38:35,64,1,3,OPEN
3725,7542,07/15/2020 10:43:26,66,59,1,1,07/15/2020 10:43:29,26286329,7360,IWD-W,"20,101",62,07/15/2020 09:22:14,62,1,3,OPEN
589,7360,07/15/2020 10:43:26,67,60,1,1,07/15/2020 10:43:29,26286329,7360,IWD-W,"20,101",62,07/15/2020 09:36:55,63,1,9,OPEN
562,7431,07/15/2020 10:43:27,67,60,1,0,07/15/2020 10:43:29,26286331,7456,HPA,90,64,07/15/2020 09:22:02,64,0,0,OPEN
563,7432,07/15/2020 10:43:27,67,60,1,1,07/15/2020 10:43:29,26286331,7456,HPA,90,63,07/15/2020 09:28:22,64,1,3,OPEN
124,7004,07/15/2020 10:43:27,63,58,1,1,07/15/2020 10:43:29,26286331,7456,HPA,90,60,07/15/2020 09:48:42,61,1,3,OPEN
126,7456,07/15/2020 10:43:27,67,60,1,1,07/15/2020 10:43:29,26286331,7456,HPA,90,63,07/15/2020 09:45:03,63,1,6,OPEN
127,7455,07/15/2020 10:43:27,69,60,1,0,07/15/2020 10:43:29,26286331,7456,HPA,90,64,07/15/2020 09:32:23,65,1,3,OPEN
1052,7693,07/15/2020 10:43:27,69,62,1,0,07/15/2020 10:43:29,26286331,7456,HPA,90,65,07/15/2020 09:20:42,65,1,6,OPEN
1053,7694,07/15/2020 10:43:27,68,58,1,1,07/15/2020 10:43:29,26286331,7456,HPA,90,63,07/15/2020 08:00:02,63,1,3,OPEN
23283,7821,07/15/2020 10:43:27,68,62,1,0,07/15/2020 10:43:29,26286331,7456,HPA,90,65,07/15/2020 09:33:23,65,1,3,OPEN
23284,7822,07/15/2020 10:43:27,63,59,1,1,07/15/2020 10:43:29,26286331,7456,HPA,90,61,07/15/2020 09:29:03,61,0,0,OPEN
250,7465,07/15/2020 10:43:27,68,62,1,0,07/15/2020 10:43:29,26286331,7456,HPA,90,64,07/15/2020 10:37:03,65,1,6,OPEN
125,7003,07/15/2020 10:43:27,67,62,1,0,07/15/2020 10:43:29,26286331,7456,HPA,90,64,07/15/2020 09:07:42,64,1,3,OPEN
249,7466,07/15/2020 10:43:27,66,59,1,1,07/15/2020 10:43:29,26286331,7456,HPA,90,62,07/15/2020 09:03:42,63,1,3,OPEN
595,7751,07/15/2020 10:43:26,68,62,1,0,07/15/2020 10:43:29,26286332,7366,0,0,63,07/15/2020 08:17:27,63,1,12,OPEN
596,7752,07/15/2020 10:43:26,68,60,1,1,07/15/2020 10:43:29,26286332,7366,0,0,63,07/15/2020 08:13:43,63,1,9,OPEN
597,7809,07/15/2020 10:43:26,70,63,1,0,07/15/2020 10:43:29,26286332,7366,0,0,65,07/15/2020 07:46:42,65,1,12,OPEN
599,7365,07/15/2020 10:43:26,69,61,1,0,07/15/2020 10:43:29,26286332,7366,0,0,63,07/15/2020 08:44:47,64,1,12,OPEN
600,7366,07/15/2020 10:43:26,255,255,1,1,07/15/2020 10:43:29,26286332,7366,0,0,61,07/15/2020 08:50:23,62,0,-1,OPEN
659,7027,07/15/2020 10:43:26,69,60,1,0,07/15/2020 10:43:29,26286332,7366,0,0,63,07/15/2020 08:18:23,63,1,9,OPEN
660,7028,07/15/2020 10:43:26,67,60,1,1,07/15/2020 10:43:29,26286332,7366,0,0,63,07/15/2020 09:38:49,63,1,6,OPEN
452,7006,07/15/2020 10:43:26,69,59,0,1,07/15/2020 10:43:29,26286332,7366,0,0,63,07/15/2020 07:57:49,63,1,9,CLOSED
453,7005,07/15/2020 10:43:26,70,63,1,0,07/15/2020 10:43:29,26286332,7366,0,0,65,07/15/2020 08:08:43,65,1,9,OPEN
598,7810,07/15/2020 10:43:26,67,59,1,1,07/15/2020 10:43:29,26286332,7366,0,0,62,07/15/2020 09:37:43,63,1,9,OPEN
657,7733,07/15/2020 10:43:26,69,62,1,0,07/15/2020 10:43:29,26286334,7410,0,0,65,07/15/2020 10:35:25,65,1,6,OPEN
658,7734,07/15/2020 10:43:26,66,59,1,1,07/15/2020 10:43:29,26286334,7410,0,0,62,07/15/2020 08:11:24,62,1,6,OPEN
179,7746,07/15/2020 10:43:26,68,60,1,1,07/15/2020 10:43:29,26286334,7410,0,0,63,07/15/2020 08:46:39,63,1,6,OPEN
180,7745,07/15/2020 10:43:26,70,62,1,0,07/15/2020 10:43:29,26286334,7410,0,0,66,07/15/2020 08:03:39,66,1,3,OPEN
181,7418,07/15/2020 10:43:26,66,60,1,1,07/15/2020 10:43:29,26286334,7410,0,0,62,07/15/2020 07:56:04,62,1,9,OPEN
182,7409,07/15/2020 10:43:26,67,61,0,0,07/15/2020 10:43:29,26286334,7410,0,0,63,07/15/2020 09:54:59,63,1,6,CLOSED
188,7417,07/15/2020 10:43:26,68,63,1,0,07/15/2020 10:43:29,26286334,7410,0,0,65,07/15/2020 09:09:59,65,1,6,OPEN
780,7148,07/15/2020 10:43:26,67,61,1,1,07/15/2020 10:43:29,26286334,7410,0,0,63,07/15/2020 10:08:25,64,1,9,OPEN
4404,7042,07/15/2020 10:43:26,66,59,1,1,07/15/2020 10:43:29,26286334,7410,0,0,61,07/15/2020 09:41:39,61,1,9,OPEN
4405,7041,07/15/2020 10:43:26,67,61,1,0,07/15/2020 10:43:29,26286334,7410,0,0,64,07/15/2020 09:08:25,64,1,3,OPEN
184,7410,07/15/2020 10:43:26,67,60,1,1,07/15/2020 10:43:29,26286334,7410,0,0,62,07/15/2020 08:17:59,62,1,9,OPEN
781,7147,07/15/2020 10:43:26,69,62,1,0,07/15/2020 10:43:29,26286334,7410,0,0,64,07/15/2020 08:40:39,65,1,9,OPEN
552,7564,07/15/2020 10:43:25,67,62,1,1,07/15/2020 10:43:30,26286337,7742,JAM,102,61,07/15/2020 09:53:30,61,1,21,OPEN
553,7563,07/15/2020 10:43:25,68,64,1,0,07/15/2020 10:43:30,26286337,7742,JAM,102,63,07/15/2020 09:14:08,63,1,21,OPEN
646,7588,07/15/2020 10:43:25,68,61,1,1,07/15/2020 10:43:30,26286337,7742,JAM,102,62,07/15/2020 09:32:09,62,1,15,OPEN
647,7587,07/15/2020 10:43:25,70,64,1,0,07/15/2020 10:43:30,26286337,7742,JAM,102,64,07/15/2020 10:26:50,66,1,18,OPEN
785,7223,07/15/2020 10:43:25,70,64,1,0,07/15/2020 10:43:30,26286337,7742,JAM,102,66,07/15/2020 09:37:29,66,1,9,OPEN
2006,7741,07/15/2020 10:43:25,71,65,1,0,07/15/2020 10:43:30,26286337,7742,JAM,102,65,07/15/2020 08:38:09,65,1,18,OPEN
2007,7742,07/15/2020 10:43:25,69,60,1,1,07/15/2020 10:43:30,26286337,7742,JAM,102,63,07/15/2020 10:01:49,64,1,12,OPEN
784,7224,07/15/2020 10:43:25,67,60,1,1,07/15/2020 10:43:30,26286337,7742,JAM,102,62,07/15/2020 10:17:10,63,1,12,OPEN
593,7235,07/15/2020 10:43:26,70,62,1,0,07/15/2020 10:43:30,26286340,7652,0,0,64,07/15/2020 08:25:10,65,1,12,OPEN
594,7236,07/15/2020 10:43:26,70,61,1,1,07/15/2020 10:43:30,26286340,7652,0,0,64,07/15/2020 09:38:10,64,1,12,OPEN
602,7582,07/15/2020 10:43:26,67,61,1,1,07/15/2020 10:43:30,26286340,7652,0,0,63,07/15/2020 08:40:32,64,1,6,OPEN
603,7481,07/15/2020 10:43:26,69,63,1,0,07/15/2020 10:43:30,26286340,7652,0,0,63,07/15/2020 09:23:50,64,1,18,OPEN
45,7531,07/15/2020 10:43:26,69,62,1,0,07/15/2020 10:43:30,26286340,7652,0,0,64,07/15/2020 09:38:50,64,1,9,OPEN
46,7532,07/15/2020 10:43:26,67,60,1,1,07/15/2020 10:43:30,26286340,7652,0,0,62,07/15/2020 08:49:43,62,1,12,OPEN
49,7651,07/15/2020 10:43:26,70,63,1,0,07/15/2020 10:43:30,26286340,7652,0,0,65,07/15/2020 08:27:30,65,1,12,OPEN
50,7652,07/15/2020 10:43:26,69,62,1,1,07/15/2020 10:43:30,26286340,7652,0,0,64,07/15/2020 10:40:10,65,1,12,OPEN
524,7443,07/15/2020 10:43:26,67,65,1,0,07/15/2020 10:43:30,26286340,7652,0,0,64,07/15/2020 10:36:32,65,1,12,OPEN
604,7482,07/15/2020 10:43:26,70,62,1,1,07/15/2020 10:43:30,26286340,7652,0,0,64,07/15/2020 09:40:10,65,1,15,OPEN
601,7581,07/15/2020 10:43:26,68,62,1,0,07/15/2020 10:43:30,26286340,7652,0,0,64,07/15/2020 09:38:10,64,1,9,OPEN
525,7444,07/15/2020 10:43:26,67,60,1,1,07/15/2020 10:43:30,26286340,7652,0,0,63,07/15/2020 09:56:52,63,1,6,OPEN
284,7348,07/15/2020 10:43:28,63,61,1,1,07/15/2020 10:43:30,26286341,7112,HIL,86,62,07/15/2020 07:46:13,62,0,0,OPEN
285,7347,07/15/2020 10:43:28,67,59,1,0,07/15/2020 10:43:30,26286341,7112,HIL,86,63,07/15/2020 08:10:26,63,0,0,OPEN
286,7510,07/15/2020 10:43:28,64,59,1,1,07/15/2020 10:43:30,26286341,7112,HIL,86,61,07/15/2020 10:08:07,61,1,3,OPEN
288,7112,07/15/2020 10:43:28,65,58,1,1,07/15/2020 10:43:30,26286341,7112,HIL,86,62,07/15/2020 07:54:53,62,0,0,OPEN
289,7111,07/15/2020 10:43:28,67,59,1,0,07/15/2020 10:43:30,26286341,7112,HIL,86,63,07/15/2020 08:31:30,63,1,3,OPEN
332,7002,07/15/2020 10:43:28,64,60,1,1,07/15/2020 10:43:30,26286341,7112,HIL,86,62,07/15/2020 08:31:06,62,1,3,OPEN
333,7001,07/15/2020 10:43:28,67,60,1,0,07/15/2020 10:43:30,26286341,7112,HIL,86,64,07/15/2020 10:32:27,64,0,0,OPEN
924,7818,07/15/2020 10:43:28,65,60,1,1,07/15/2020 10:43:30,26286341,7112,HIL,86,62,07/15/2020 07:56:26,62,1,3,OPEN
925,7817,07/15/2020 10:43:28,68,60,1,0,07/15/2020 10:43:30,26286341,7112,HIL,86,64,07/15/2020 08:57:53,64,1,3,OPEN
287,7509,07/15/2020 10:43:28,67,61,1,0,07/15/2020 10:43:30,26286341,7112,HIL,86,64,07/15/2020 09:18:26,64,0,0,OPEN
216,7594,07/15/2020 10:43:26,67,60,1,1,07/15/2020 10:43:30,26286342,7230,0,0,62,07/15/2020 10:03:03,63,1,9,OPEN
438,7419,07/15/2020 10:43:26,67,61,1,0,07/15/2020 10:43:30,26286342,7230,0,0,64,07/15/2020 07:59:15,64,1,3,OPEN
439,7420,07/15/2020 10:43:26,68,58,1,1,07/15/2020 10:43:30,26286342,7230,0,0,63,07/15/2020 10:21:03,63,1,3,OPEN
23275,7521,07/15/2020 10:43:26,67,61,1,0,07/15/2020 10:43:30,26286342,7230,0,0,64,07/15/2020 10:05:43,64,1,3,OPEN
23276,7522,07/15/2020 10:43:26,69,59,1,1,07/15/2020 10:43:30,26286342,7230,0,0,63,07/15/2020 10:33:03,63,1,9,OPEN
215,7593,07/15/2020 10:43:26,67,61,1,0,07/15/2020 10:43:30,26286342,7230,0,0,63,07/15/2020 07:43:44,63,1,6,OPEN
11000,7500,07/15/2020 10:43:26,67,59,1,1,07/15/2020 10:43:30,26286342,7230,0,0,62,07/15/2020 07:46:04,62,1,6,OPEN
11001,7499,07/15/2020 10:43:26,70,62,1,0,07/15/2020 10:43:30,26286342,7230,0,0,66,07/15/2020 10:28:47,66,1,3,OPEN
712,7229,07/15/2020 10:43:26,67,61,1,0,07/15/2020 10:43:30,26286342,7230,0,0,63,07/15/2020 09:02:22,63,1,6,OPEN
713,7230,07/15/2020 10:43:26,67,60,1,1,07/15/2020 10:43:30,26286342,7230,0,0,63,07/15/2020 09:28:46,63,1,3,OPEN
2273,7403,07/15/2020 10:43:26,67,60,1,0,07/15/2020 10:43:30,26286342,7230,0,0,63,07/15/2020 09:21:22,64,1,3,OPEN
2274,7404,07/15/2020 10:43:26,67,59,1,1,07/15/2020 10:43:30,26286342,7230,0,0,62,07/15/2020 07:59:22,63,1,9,OPEN
629,7025,07/15/2020 10:43:27,66,61,1,0,07/15/2020 10:43:30,26286343,7262,0,0,63,07/15/2020 08:53:10,64,1,6,OPEN
630,7026,07/15/2020 10:43:27,66,58,1,1,07/15/2020 10:43:30,26286343,7262,0,0,61,07/15/2020 09:24:50,62,1,6,OPEN
631,7261,07/15/2020 10:43:27,68,63,1,0,07/15/2020 10:43:30,26286343,7262,0,0,65,07/15/2020 10:14:21,65,1,6,OPEN
632,7262,07/15/2020 10:43:27,65,60,1,1,07/15/2020 10:43:30,26286343,7262,0,0,62,07/15/2020 09:52:35,63,1,3,OPEN
362,7566,07/15/2020 10:43:27,64,58,1,1,07/15/2020 10:43:30,26286343,7262,0,0,61,07/15/2020 09:15:35,61,1,3,OPEN
363,7565,07/15/2020 10:43:27,67,62,1,0,07/15/2020 10:43:30,26286343,7262,0,0,64,07/15/2020 10:04:15,65,1,3,OPEN
1327,7828,07/15/2020 10:43:27,66,59,1,1,07/15/2020 10:43:30,26286343,7262,0,0,62,07/15/2020 10:35:41,62,1,3,OPEN
1328,7827,07/15/2020 10:43:27,68,61,1,0,07/15/2020 10:43:30,26286343,7262,0,0,64,07/15/2020 08:28:35,65,1,3,OPEN
704,7199,07/15/2020 10:43:27,67,60,1,0,07/15/2020 10:43:30,26286344,7082,0,0,63,07/15/2020 09:27:22,63,1,3,OPEN
705,7200,07/15/2020 10:43:27,65,59,1,1,07/15/2020 10:43:30,26286344,7082,0,0,61,07/15/2020 08:31:09,61,1,6,OPEN
707,7082,07/15/2020 10:43:27,67,60,1,1,07/15/2020 10:43:30,26286344,7082,0,0,63,07/15/2020 10:14:42,64,1,6,OPEN
393,7791,07/15/2020 10:43:27,68,61,1,0,07/15/2020 10:43:30,26286344,7082,0,0,64,07/15/2020 09:17:29,64,1,6,OPEN
394,7792,07/15/2020 10:43:27,67,59,1,1,07/15/2020 10:43:30,26286344,7082,0,0,62,07/15/2020 10:14:49,63,1,6,OPEN
396,7642,07/15/2020 10:43:27,64,61,1,1,07/15/2020 10:43:30,26286344,7082,0,0,62,07/15/2020 10:14:49,62,1,3,OPEN
4186,7513,07/15/2020 10:43:27,68,61,1,0,07/15/2020 10:43:30,26286344,7082,0,0,63,07/15/2020 10:37:29,64,1,9,OPEN
4187,7514,07/15/2020 10:43:27,64,59,1,1,07/15/2020 10:43:30,26286344,7082,0,0,61,07/15/2020 09:15:29,62,1,3,OPEN
395,7641,07/15/2020 10:43:27,69,61,1,0,07/15/2020 10:43:30,26286344,7082,0,0,64,07/15/2020 08:36:09,65,1,6,OPEN
706,7081,07/15/2020 10:43:27,69,60,1,0,07/15/2020 10:43:30,26286344,7082,0,0,65,07/15/2020 10:28:29,65,0,0,OPEN
77,7596,07/15/2020 10:43:27,69,60,1,1,07/15/2020 10:43:30,26286345,7152,IPK,99,63,07/15/2020 09:49:10,63,1,12,OPEN
295,7057,07/15/2020 10:43:27,67,62,1,0,07/15/2020 10:43:30,26286345,7152,IPK,99,65,07/15/2020 08:35:31,65,0,0,OPEN
296,7058,07/15/2020 10:43:27,67,60,1,1,07/15/2020 10:43:30,26286345,7152,IPK,99,62,07/15/2020 10:07:50,62,1,9,OPEN
76,7595,07/15/2020 10:43:27,67,62,1,0,07/15/2020 10:43:30,26286345,7152,IPK,99,64,07/15/2020 07:56:04,64,1,6,OPEN
3716,7525,07/15/2020 10:43:27,70,65,1,0,07/15/2020 10:43:30,26286345,7152,IPK,99,65,07/15/2020 08:35:31,65,1,18,OPEN
3717,7526,07/15/2020 10:43:27,68,60,1,1,07/15/2020 10:43:30,26286345,7152,IPK,99,63,07/15/2020 08:10:40,63,1,9,OPEN
3718,7533,07/15/2020 10:43:27,67,63,1,0,07/15/2020 10:43:30,26286345,7152,IPK,99,64,07/15/2020 08:10:40,65,1,6,OPEN
3719,7534,07/15/2020 10:43:27,67,63,1,1,07/15/2020 10:43:30,26286345,7152,IPK,99,63,07/15/2020 10:07:50,63,1,15,OPEN
492,7151,07/15/2020 10:43:27,69,64,1,0,07/15/2020 10:43:30,26286345,7152,IPK,99,65,07/15/2020 10:05:08,66,1,9,OPEN
491,7152,07/15/2020 10:43:27,69,61,1,1,07/15/2020 10:43:30,26286345,7152,IPK,99,64,07/15/2020 08:35:31,64,1,6,OPEN
3006,7053,07/15/2020 10:43:28,63,60,1,0,07/15/2020 10:43:30,26286346,7790,NAV-W,"20,148",61,07/15/2020 09:21:10,61,1,3,OPEN
3007,7088,07/15/2020 10:43:28,68,60,0,1,07/15/2020 10:43:30,26286346,7790,NAV-W,"20,148",62,07/15/2020 07:51:59,63,1,15,CLOSED
20778,7705,07/15/2020 10:43:28,67,62,1,0,07/15/2020 10:43:30,26286346,7790,NAV-W,"20,148",64,07/15/2020 09:27:09,65,1,3,OPEN
20779,7706,07/15/2020 10:43:28,66,59,1,1,07/15/2020 10:43:30,26286346,7790,NAV-W,"20,148",62,07/15/2020 09:10:14,62,1,6,OPEN
1329,7790,07/15/2020 10:43:28,67,59,1,1,07/15/2020 10:43:30,26286346,7790,NAV-W,"20,148",62,07/15/2020 08:50:29,63,1,6,OPEN
1330,7789,07/15/2020 10:43:28,69,63,1,0,07/15/2020 10:43:30,26286346,7790,NAV-W,"20,148",65,07/15/2020 10:23:54,66,1,6,OPEN
650,7486,07/15/2020 10:43:29,66,59,1,1,07/15/2020 10:43:31,26286347,7018,0,0,62,07/15/2020 09:47:15,62,1,6,OPEN
115,7784,07/15/2020 10:43:29,68,58,1,1,07/15/2020 10:43:31,26286347,7018,0,0,62,07/15/2020 10:34:31,63,1,6,OPEN
116,7783,07/15/2020 10:43:29,68,61,1,0,07/15/2020 10:43:31,26286347,7018,0,0,64,07/15/2020 09:39:10,64,1,3,OPEN
168,7067,07/15/2020 10:43:29,67,62,1,0,07/15/2020 10:43:31,26286347,7018,0,0,63,07/15/2020 10:19:05,64,1,12,OPEN
169,7068,07/15/2020 10:43:29,68,59,1,1,07/15/2020 10:43:31,26286347,7018,0,0,63,07/15/2020 09:44:35,63,1,6,OPEN
1001,7664,07/15/2020 10:43:29,69,60,1,1,07/15/2020 10:43:31,26286347,7018,0,0,63,07/15/2020 10:02:15,64,1,9,OPEN
1002,7663,07/15/2020 10:43:29,69,62,1,0,07/15/2020 10:43:31,26286347,7018,0,0,64,07/15/2020 10:15:50,65,1,9,OPEN
164,7275,07/15/2020 10:43:29,66,61,0,0,07/15/2020 10:43:31,26286347,7018,0,0,62,07/15/2020 08:51:54,63,1,9,CLOSED
738,7017,07/15/2020 10:43:29,67,61,1,0,07/15/2020 10:43:31,26286347,7018,0,0,63,07/15/2020 09:16:15,64,1,6,OPEN
739,7018,07/15/2020 10:43:29,65,59,1,1,07/15/2020 10:43:31,26286347,7018,0,0,62,07/15/2020 09:38:15,62,0,0,OPEN
651,7485,07/15/2020 10:43:29,67,60,1,0,07/15/2020 10:43:31,26286347,7018,0,0,63,07/15/2020 09:10:10,63,1,3,OPEN
163,7276,07/15/2020 10:43:29,65,57,1,1,07/15/2020 10:43:31,26286347,7018,0,0,61,07/15/2020 10:26:31,61,1,3,OPEN
52,7203,07/15/2020 10:43:29,69,58,1,0,07/15/2020 10:43:31,26286348,7442,0,0,63,07/15/2020 08:36:51,64,1,3,OPEN
210,7480,07/15/2020 10:43:29,65,58,1,1,07/15/2020 10:43:31,26286348,7442,0,0,61,07/15/2020 08:56:11,61,1,3,OPEN
323,7442,07/15/2020 10:43:29,66,56,1,1,07/15/2020 10:43:31,26286348,7442,0,0,60,07/15/2020 10:00:51,61,1,6,OPEN
324,7441,07/15/2020 10:43:29,67,61,1,0,07/15/2020 10:43:31,26286348,7442,0,0,63,07/15/2020 09:53:31,64,1,6,OPEN
361,7283,07/15/2020 10:43:29,67,63,1,0,07/15/2020 10:43:31,26286348,7442,0,0,64,07/15/2020 07:47:11,65,1,9,OPEN
29056,7711,07/15/2020 10:43:29,69,61,1,0,07/15/2020 10:43:31,26286348,7442,0,0,65,07/15/2020 09:38:11,65,1,3,OPEN
29057,7712,07/15/2020 10:43:29,65,58,1,1,07/15/2020 10:43:31,26286348,7442,0,0,60,07/15/2020 08:38:11,62,1,9,OPEN
31925,7137,07/15/2020 10:43:29,68,60,1,0,07/15/2020 10:43:31,26286348,7442,0,0,64,07/15/2020 09:13:11,64,1,3,OPEN
31926,7138,07/15/2020 10:43:29,66,60,1,1,07/15/2020 10:43:31,26286348,7442,0,0,62,07/15/2020 10:05:31,63,1,6,OPEN
53,7204,07/15/2020 10:43:29,67,59,1,1,07/15/2020 10:43:31,26286348,7442,0,0,62,07/15/2020 09:32:11,63,1,9,OPEN
360,7284,07/15/2020 10:43:29,68,59,1,1,07/15/2020 10:43:31,26286348,7442,0,0,63,07/15/2020 10:37:11,64,1,3,OPEN
211,7479,07/15/2020 10:43:29,68,60,1,0,07/15/2020 10:43:31,26286348,7442,0,0,64,07/15/2020 09:54:31,64,1,3,OPEN
152,7669,07/15/2020 10:43:28,69,65,1,0,07/15/2020 10:43:31,26286349,7670,0,0,67,07/15/2020 08:48:38,67,1,3,OPEN
153,7670,07/15/2020 10:43:28,67,61,0,1,07/15/2020 10:43:31,26286349,7670,0,0,64,07/15/2020 09:30:08,64,0,0,CLOSED
224,7096,07/15/2020 10:43:28,65,58,1,1,07/15/2020 10:43:31,26286349,7670,0,0,62,07/15/2020 08:17:28,62,0,0,OPEN
225,7095,07/15/2020 10:43:28,67,61,1,0,07/15/2020 10:43:31,26286349,7670,0,0,64,07/15/2020 09:29:48,64,1,3,OPEN
319,7786,07/15/2020 10:43:28,68,59,1,1,07/15/2020 10:43:31,26286349,7670,0,0,63,07/15/2020 08:50:31,63,1,3,OPEN
320,7785,07/15/2020 10:43:28,69,61,1,0,07/15/2020 10:43:31,26286349,7670,0,0,65,07/15/2020 10:02:28,65,1,3,OPEN
326,7637,07/15/2020 10:43:28,68,60,1,0,07/15/2020 10:43:31,26286349,7670,0,0,64,07/15/2020 09:46:01,64,1,3,OPEN
325,7638,07/15/2020 10:43:28,65,58,1,1,07/15/2020 10:43:31,26286349,7670,0,0,61,07/15/2020 10:04:48,61,1,3,OPEN
554,7722,07/15/2020 10:43:28,66,59,1,1,07/15/2020 10:43:31,26286350,7722,0,0,63,07/15/2020 09:25:51,63,0,0,OPEN
555,7721,07/15/2020 10:43:28,63,61,1,0,07/15/2020 10:43:31,26286350,7722,0,0,62,07/15/2020 08:24:31,62,0,0,OPEN
383,7374,07/15/2020 10:43:28,67,59,1,1,07/15/2020 10:43:31,26286350,7722,0,0,62,07/15/2020 09:57:52,62,1,6,OPEN
384,7373,07/15/2020 10:43:28,69,61,0,0,07/15/2020 10:43:31,26286350,7722,0,0,65,07/15/2020 09:57:52,65,1,3,CLOSED
826,7169,07/15/2020 10:43:28,69,62,1,0,07/15/2020 10:43:31,26286350,7722,0,0,64,07/15/2020 08:56:11,64,1,9,OPEN
827,7170,07/15/2020 10:43:28,66,60,0,1,07/15/2020 10:43:31,26286350,7722,0,0,59,07/15/2020 09:13:31,59,1,24,CLOSED
708,7339,07/15/2020 10:43:27,65,61,1,0,07/15/2020 10:43:31,26286351,7340,0,0,63,07/15/2020 07:52:41,63,1,3,OPEN
709,7340,07/15/2020 10:43:27,66,60,1,1,07/15/2020 10:43:31,26286351,7340,0,0,63,07/15/2020 09:51:10,63,1,3,OPEN
93,7007,07/15/2020 10:43:27,67,62,1,0,07/15/2020 10:43:31,26286351,7340,0,0,65,07/15/2020 07:56:41,65,0,0,OPEN
94,7008,07/15/2020 10:43:27,65,59,1,1,07/15/2020 10:43:31,26286351,7340,0,0,62,07/15/2020 10:21:30,62,1,3,OPEN
367,7469,07/15/2020 10:43:27,67,61,1,0,07/15/2020 10:43:31,26286351,7340,0,0,63,07/15/2020 08:09:09,63,1,9,OPEN
379,7408,07/15/2020 10:43:27,66,59,1,1,07/15/2020 10:43:31,26286351,7340,0,0,62,07/15/2020 07:56:25,62,1,6,OPEN
378,7407,07/15/2020 10:43:27,69,60,1,0,07/15/2020 10:43:31,26286351,7340,0,0,64,07/15/2020 08:11:29,64,1,3,OPEN
4406,7098,07/15/2020 10:43:27,65,60,1,1,07/15/2020 10:43:31,26286351,7340,0,0,62,07/15/2020 08:50:30,62,1,6,OPEN
4407,7097,07/15/2020 10:43:27,68,62,1,0,07/15/2020 10:43:31,26286351,7340,0,0,64,07/15/2020 09:24:11,65,1,6,OPEN
162,7363,07/15/2020 10:43:27,67,60,1,0,07/15/2020 10:43:31,26286351,7340,0,0,63,07/15/2020 10:03:31,64,1,6,OPEN
366,7470,07/15/2020 10:43:27,67,60,1,1,07/15/2020 10:43:31,26286351,7340,0,0,63,07/15/2020 08:09:18,63,1,6,OPEN
161,7020,07/15/2020 10:43:27,64,58,1,1,07/15/2020 10:43:31,26286351,7340,0,0,61,07/15/2020 10:33:31,61,0,0,OPEN
648,7380,07/15/2020 10:43:28,69,60,1,1,07/15/2020 10:43:31,26286352,7412,CPL,39,63,07/15/2020 10:27:21,64,1,12,OPEN
649,7379,07/15/2020 10:43:28,68,62,1,0,07/15/2020 10:43:31,26286352,7412,CPL,39,64,07/15/2020 10:43:21,65,1,6,OPEN
183,7123,07/15/2020 10:43:28,70,64,1,0,07/15/2020 10:43:31,26286352,7412,CPL,39,66,07/15/2020 08:45:20,66,1,6,OPEN
185,7124,07/15/2020 10:43:28,68,60,0,1,07/15/2020 10:43:31,26286352,7412,CPL,39,63,07/15/2020 07:55:40,63,1,9,CLOSED
237,7686,07/15/2020 10:43:28,67,62,1,1,07/15/2020 10:43:32,26286352,7412,CPL,39,62,07/15/2020 07:48:22,62,1,18,OPEN
238,7685,07/15/2020 10:43:28,69,62,1,0,07/15/2020 10:43:32,26286352,7412,CPL,39,64,07/15/2020 09:27:42,64,1,12,OPEN
3309,7411,07/15/2020 10:43:28,68,62,1,0,07/15/2020 10:43:31,26286352,7412,CPL,39,63,07/15/2020 09:50:41,64,1,12,OPEN
3310,7412,07/15/2020 10:43:28,65,60,1,1,07/15/2020 10:43:31,26286352,7412,CPL,39,62,07/15/2020 08:14:41,62,1,6,OPEN